Date,Open,High,Low,Close
01-06-2016 09:15,1525.0021,1528.0818,1518.0476,1527.0387
01-06-2016 09:20,1526.0453,1530.3171,1525.5981,1528.0322
01-06-2016 09:25,1529.0258,1530.8636,1527.0387,1530.1681
01-06-2016 09:30,1530.2676,1534.7878,1529.4728,1531.4597
01-06-2016 09:35,1531.4597,1532.4531,1528.976,1530.516
01-06-2016 09:40,1530.7643,1530.7643,1527.0884,1528.0322
01-06-2016 09:45,1528.2806,1530.516,1527.4857,1529.4728
01-06-2016 09:50,1527.7838,1529.9198,1527.7838,1529.2244
01-06-2016 09:55,1529.7709,1529.7709,1527.5355,1529.0258
01-06-2016 10:00,1529.0258,1529.4728,1527.1381,1527.1381
01-06-2016 10:05,1528.976,1529.9198,1526.8896,1529.0258
01-06-2016 10:10,1529.7709,1529.7709,1525.3002,1527.9825
01-06-2016 10:15,1527.9825,1528.7773,1525.8962,1528.0322
01-06-2016 10:20,1528.1316,1528.8269,1526.6909,1528.0818
01-06-2016 10:25,1528.4296,1529.7709,1525.9955,1528.2308
01-06-2016 10:30,1526.989,1529.7709,1526.989,1529.6714
01-06-2016 10:35,1528.976,1529.2244,1526.8896,1528.0322
01-06-2016 10:40,1527.9825,1529.423,1525.8962,1527.7838
01-06-2016 10:45,1527.8335,1528.1812,1527.7838,1528.0322
01-06-2016 10:50,1527.9825,1529.6714,1525.4988,1529.6714
01-06-2016 10:55,1528.6779,1528.976,1526.2936,1528.8767
01-06-2016 11:00,1528.8269,1528.8269,1525.9955,1527.7838
01-06-2016 11:05,1527.9327,1529.125,1525.0021,1528.6283
01-06-2016 11:10,1528.4792,1529.9695,1526.0453,1529.9695
01-06-2016 11:15,1528.976,1529.9198,1526.9393,1529.572
01-06-2016 11:20,1526.6414,1529.1747,1526.2936,1528.976
01-06-2016 11:25,1526.0948,1529.125,1526.0948,1528.4792
01-06-2016 11:30,1528.6779,1528.7277,1525.6478,1528.4792
01-06-2016 11:35,1528.4792,1528.6779,1526.0453,1528.6779
01-06-2016 11:40,1528.5786,1528.976,1525.3994,1526.542
01-06-2016 11:45,1528.4792,1528.976,1525.5485,1525.6974
01-06-2016 11:50,1528.8269,1528.8269,1525.5485,1528.4792
01-06-2016 11:55,1528.4792,1528.6283,1525.4988,1528.5289
01-06-2016 12:00,1528.4792,1532.95,1528.4792,1531.9564
01-06-2016 12:05,1528.2308,1533.4467,1528.2308,1533.2976
01-06-2016 12:10,1533.2976,1533.2976,1528.5786,1532.5029
01-06-2016 12:15,1532.8506,1532.8506,1528.1812,1529.274
01-06-2016 12:20,1529.274,1529.423,1528.976,1529.1747
01-06-2016 12:25,1529.125,1530.0688,1526.989,1529.4728
01-06-2016 12:30,1529.4728,1532.0558,1528.2806,1532.0061
01-06-2016 12:35,1529.9695,1532.6519,1528.976,1528.976
01-06-2016 12:40,1531.9564,1532.4034,1529.0258,1529.0258
01-06-2016 12:45,1529.2244,1531.7081,1526.5916,1531.1616
01-06-2016 12:50,1531.2113,1531.2113,1527.1876,1529.9695
01-06-2016 12:55,1529.9198,1530.4662,1529.9198,1530.0688
01-06-2016 13:00,1530.0688,1530.1185,1526.3433,1529.7709
01-06-2016 13:05,1529.4728,1529.7709,1529.4728,1529.6714
01-06-2016 13:10,1529.4728,1530.8636,1529.4728,1529.7211
01-06-2016 13:15,1529.9695,1530.0192,1526.3929,1529.4728
01-06-2016 13:20,1529.6714,1530.3669,1526.5916,1529.9695
01-06-2016 13:25,1529.7709,1531.5591,1529.7709,1531.5591
01-06-2016 13:30,1531.3604,1531.8572,1529.9695,1530.963
01-06-2016 13:35,1531.41,1531.9564,1529.8204,1531.9564
01-06-2016 13:40,1531.9564,1536.8741,1531.3604,1533.2976
01-06-2016 13:45,1533.1486,1534.1918,1530.1681,1532.155
01-06-2016 13:50,1532.2048,1532.6519,1527.9825,1530.9132
01-06-2016 13:55,1527.436,1530.963,1526.2936,1529.572
01-06-2016 14:00,1529.572,1530.963,1528.7773,1530.963
01-06-2016 14:05,1530.963,1530.963,1527.2374,1530.963
01-06-2016 14:10,1530.963,1534.7383,1530.4662,1530.4662
01-06-2016 14:15,1530.7643,1532.0061,1526.6414,1529.4728
01-06-2016 14:20,1528.976,1533.6453,1528.976,1533.4467
01-06-2016 14:25,1532.9001,1533.8937,1529.3734,1531.4597
01-06-2016 14:30,1531.41,1531.41,1528.3302,1529.7709
01-06-2016 14:35,1529.7211,1532.7512,1526.989,1532.4531
01-06-2016 14:40,1528.6283,1533.6453,1528.1316,1532.2048
01-06-2016 14:45,1532.1055,1532.95,1527.4857,1532.95
01-06-2016 14:50,1532.95,1533.9434,1529.1747,1533.8441
01-06-2016 14:55,1533.3473,1533.9434,1528.6779,1533.6951
01-06-2016 15:00,1529.6714,1535.8806,1528.6779,1533.0492
01-06-2016 15:05,1533.6453,1535.8806,1528.6283,1535.8806
01-06-2016 15:10,1531.6088,1537.8677,1531.5094,1532.95
01-06-2016 15:15,1537.5697,1546.809,1531.6088,1545.9646
01-06-2016 15:20,1546.7097,1548.796,1539.9043,1547.902
01-06-2016 15:25,1547.8522,1549.7894,1540.0037,1548.8457
02-06-2016 09:15,1539.9043,1547.8522,1537.818,1539.5566
02-06-2016 09:20,1539.4076,1542.1895,1537.2219,1539.9043
02-06-2016 09:25,1538.4141,1539.9043,1534.6885,1538.9109
02-06-2016 09:30,1539.507,1539.9043,1538.8611,1539.7057
02-06-2016 09:35,1539.9043,1539.9043,1532.5029,1534.8872
02-06-2016 09:40,1534.2911,1535.682,1533.546,1534.2911
02-06-2016 09:45,1533.546,1533.8441,1529.0258,1529.9695
02-06-2016 09:50,1528.976,1529.9695,1527.0884,1529.8204
02-06-2016 09:55,1529.3734,1530.4165,1529.0753,1529.9695
02-06-2016 10:00,1529.8701,1530.5656,1529.0753,1529.9695
02-06-2016 10:05,1530.5656,1530.5656,1528.976,1529.9695
02-06-2016 10:10,1529.9695,1529.9695,1528.976,1529.9695
02-06-2016 10:15,1529.9695,1530.5656,1528.976,1529.9695
02-06-2016 10:20,1530.9132,1530.9132,1529.5225,1529.9695
02-06-2016 10:25,1529.9695,1529.9695,1528.976,1529.9695
02-06-2016 10:30,1529.9695,1531.3604,1529.1747,1530.7146
02-06-2016 10:35,1531.1121,1534.9369,1530.7643,1532.5525
02-06-2016 10:40,1532.8506,1534.8872,1532.7512,1533.0492
02-06-2016 10:45,1534.2911,1534.2911,1532.0061,1533.4963
02-06-2016 10:50,1532.95,1532.95,1531.3604,1531.6088
02-06-2016 10:55,1531.5591,1532.95,1531.3107,1532.2545
02-06-2016 11:00,1531.9564,1532.7512,1528.2308,1529.1747
02-06-2016 11:05,1529.3237,1532.95,1528.8767,1532.95
02-06-2016 11:10,1532.95,1534.9369,1532.95,1534.4402
02-06-2016 11:15,1534.8375,1534.8375,1533.7448,1534.4899
02-06-2016 11:20,1534.4899,1538.9109,1534.4402,1535.5826
02-06-2016 11:25,1535.533,1535.9304,1531.1121,1531.9067
02-06-2016 11:30,1531.9564,1532.95,1531.0623,1532.3539
02-06-2016 11:35,1531.9564,1532.95,1531.6583,1531.6583
02-06-2016 11:40,1532.0558,1532.95,1531.5094,1532.9001
02-06-2016 11:45,1532.9001,1533.8441,1531.9564,1532.95
02-06-2016 11:50,1532.95,1536.9736,1531.8074,1535.9304
02-06-2016 11:55,1535.9304,1536.4271,1533.1486,1534.9369
02-06-2016 12:00,1534.9369,1535.235,1533.7943,1534.6388
02-06-2016 12:05,1534.5394,1535.8311,1534.1421,1534.8872
02-06-2016 12:10,1534.9369,1535.1853,1533.7448,1534.1918
02-06-2016 12:15,1534.7383,1535.9304,1533.6453,1533.8937
02-06-2016 12:20,1533.6951,1534.9369,1533.4963,1533.8937
02-06-2016 12:25,1533.8937,1533.9434,1532.95,1533.6453
02-06-2016 12:30,1533.8937,1533.9434,1533.6453,1533.6453
02-06-2016 12:35,1533.6453,1533.9434,1531.1121,1531.1121
02-06-2016 12:40,1531.1616,1531.9564,1530.963,1531.5094
02-06-2016 12:45,1531.5094,1531.9564,1531.5094,1531.8572
02-06-2016 12:50,1531.9067,1532.8506,1530.963,1531.5591
02-06-2016 12:55,1531.9564,1531.9564,1531.6583,1531.9067
02-06-2016 13:00,1531.9067,1532.5525,1531.7081,1531.8572
02-06-2016 13:05,1531.9564,1531.9564,1531.4597,1531.8074
02-06-2016 13:10,1531.8572,1532.5029,1531.0127,1531.9564
02-06-2016 13:15,1531.9564,1532.95,1531.6088,1532.95
02-06-2016 13:20,1533.7448,1534.0427,1531.2611,1532.95
02-06-2016 13:25,1532.9001,1532.95,1532.5525,1532.5525
02-06-2016 13:30,1532.4531,1532.95,1530.963,1532.4034
02-06-2016 13:35,1532.6519,1532.8009,1531.9564,1532.4531
02-06-2016 13:40,1531.9564,1532.4531,1531.0127,1532.0061
02-06-2016 13:45,1531.9564,1532.95,1531.5591,1532.95
02-06-2016 13:50,1532.95,1533.1486,1529.9695,1532.7512
02-06-2016 13:55,1532.5525,1532.95,1531.6088,1532.9001
02-06-2016 14:00,1532.9001,1532.95,1532.5029,1532.95
02-06-2016 14:05,1532.95,1534.8375,1532.5029,1534.8375
02-06-2016 14:10,1534.8375,1535.8311,1533.8441,1534.9866
02-06-2016 14:15,1535.0859,1535.7814,1533.4467,1534.9866
02-06-2016 14:20,1534.9369,1535.8806,1532.95,1533.9434
02-06-2016 14:25,1533.9434,1535.9304,1533.546,1535.4336
02-06-2016 14:30,1534.9866,1535.8806,1534.1421,1534.9369
02-06-2016 14:35,1534.9369,1535.9304,1533.9932,1535.5826
02-06-2016 14:40,1534.1421,1537.8677,1533.7943,1536.8741
02-06-2016 14:45,1537.5697,1537.5697,1533.8937,1534.5394
02-06-2016 14:50,1533.9932,1537.9174,1533.546,1537.9174
02-06-2016 14:55,1537.4207,1538.9109,1535.6323,1536.129
02-06-2016 15:00,1536.129,1537.7188,1534.9369,1536.3278
02-06-2016 15:05,1535.9801,1536.8246,1535.8806,1536.5265
02-06-2016 15:10,1536.5265,1538.1658,1533.1982,1533.9434
02-06-2016 15:15,1533.9434,1537.8677,1533.1982,1537.8677
02-06-2016 15:20,1537.818,1539.8546,1534.3408,1537.0232
02-06-2016 15:25,1537.0232,1541.8914,1534.9369,1541.8914
03-06-2016 09:15,1540.8978,1542.8351,1535.9304,1535.9304
03-06-2016 09:20,1536.0297,1537.7188,1534.9369,1537.7188
03-06-2016 09:25,1537.4207,1537.818,1535.682,1537.3213
03-06-2016 09:30,1537.6193,1538.5631,1535.9304,1536.2285
03-06-2016 09:35,1537.3213,1537.818,1536.3278,1537.818
03-06-2016 09:40,1537.7683,1537.7683,1534.9369,1534.9866
03-06-2016 09:45,1534.9369,1536.0297,1530.3171,1531.2113
03-06-2016 09:50,1531.7081,1532.9996,1531.1616,1531.2113
03-06-2016 09:55,1531.9067,1531.9067,1528.5786,1531.5094
03-06-2016 10:00,1531.6088,1531.6088,1528.976,1530.3171
03-06-2016 10:05,1530.2179,1530.963,1528.976,1529.2244
03-06-2016 10:10,1529.2244,1531.2611,1527.7838,1529.572
03-06-2016 10:15,1529.9695,1530.4165,1528.6779,1529.2244
03-06-2016 10:20,1528.6779,1530.4662,1528.6779,1529.2244
03-06-2016 10:25,1529.2244,1529.9198,1528.3302,1529.2244
03-06-2016 10:30,1529.2244,1530.9132,1528.4792,1530.0192
03-06-2016 10:35,1530.4165,1532.95,1529.5225,1530.0192
03-06-2016 10:40,1530.963,1532.95,1530.963,1531.6088
03-06-2016 10:45,1532.95,1532.95,1529.7211,1531.0623
03-06-2016 10:50,1531.0623,1533.6453,1530.814,1531.8572
03-06-2016 10:55,1531.9564,1534.3408,1530.963,1532.0061
03-06-2016 11:00,1532.8506,1536.9238,1530.3171,1535.533
03-06-2016 11:05,1536.7748,1538.1658,1534.9369,1535.1853
03-06-2016 11:10,1535.4336,1536.6257,1534.0427,1535.1853
03-06-2016 11:15,1535.2845,1536.4768,1534.9369,1535.4834
03-06-2016 11:20,1535.6323,1537.9174,1535.6323,1536.5762
03-06-2016 11:25,1536.5762,1537.6689,1534.9866,1535.235
03-06-2016 11:30,1535.4834,1539.656,1535.4834,1539.1095
03-06-2016 11:35,1538.8611,1539.9043,1537.9174,1538.9109
03-06-2016 11:40,1538.9606,1540.8978,1538.9109,1540.0533
03-06-2016 11:45,1539.9043,1540.8978,1539.3082,1539.3082
03-06-2016 11:50,1540.103,1540.8978,1539.7552,1539.9043
03-06-2016 11:55,1539.9043,1542.3881,1539.1095,1541.5436
03-06-2016 12:00,1541.5436,1542.8848,1539.9541,1542.09
03-06-2016 12:05,1542.1895,1545.8652,1541.8416,1545.3685
03-06-2016 12:10,1545.3685,1545.8156,1542.8848,1542.8848
03-06-2016 12:15,1542.8848,1544.7228,1541.8914,1544.7228
03-06-2016 12:20,1544.1267,1544.8718,1542.8848,1543.928
03-06-2016 12:25,1544.822,1544.8718,1542.9346,1544.8718
03-06-2016 12:30,1544.8718,1553.9622,1544.6731,1551.3295
03-06-2016 12:35,1551.3295,1552.7699,1548.8457,1552.2236
03-06-2016 12:40,1551.4287,1551.7765,1549.2432,1549.8392
03-06-2016 12:45,1549.8392,1551.6771,1547.8025,1549.0443
03-06-2016 12:50,1549.1438,1550.0875,1546.66,1546.7097
03-06-2016 12:55,1546.7594,1547.8025,1544.8718,1545.8652
03-06-2016 13:00,1545.4182,1545.8652,1544.0273,1545.1201
03-06-2016 13:05,1545.3685,1545.8652,1543.7789,1544.4744
03-06-2016 13:10,1544.4248,1544.8718,1543.8783,1544.2758
03-06-2016 13:15,1544.375,1544.8718,1539.507,1540.6992
03-06-2016 13:20,1540.6992,1541.5933,1535.682,1537.1722
03-06-2016 13:25,1536.9238,1539.1592,1536.7252,1537.818
03-06-2016 13:30,1537.1226,1537.7683,1532.4034,1534.5892
03-06-2016 13:35,1534.9369,1537.0232,1533.9434,1533.9434
03-06-2016 13:40,1533.9434,1535.5826,1530.0688,1531.9564
03-06-2016 13:45,1532.3041,1532.6022,1531.1121,1531.9067
03-06-2016 13:50,1531.9067,1531.9564,1531.0623,1531.1616
03-06-2016 13:55,1531.1616,1533.8441,1531.1616,1531.9564
03-06-2016 14:00,1531.9564,1531.9564,1525.0021,1528.4296
03-06-2016 14:05,1529.8204,1530.9132,1525.9955,1530.2179
03-06-2016 14:10,1530.4662,1530.9132,1529.9695,1530.8636
03-06-2016 14:15,1530.8636,1531.4597,1529.9695,1530.0192
03-06-2016 14:20,1530.2179,1531.1121,1529.9198,1529.9695
03-06-2016 14:25,1529.9695,1530.963,1529.7211,1530.3669
03-06-2016 14:30,1530.7643,1530.963,1528.3302,1528.4792
03-06-2016 14:35,1528.6283,1530.963,1528.5289,1530.7146
03-06-2016 14:40,1530.963,1532.5525,1529.6218,1530.0192
03-06-2016 14:45,1529.9695,1530.9132,1528.2806,1529.9695
03-06-2016 14:50,1529.9695,1530.963,1528.3302,1528.3302
03-06-2016 14:55,1528.3302,1529.6714,1523.015,1527.2374
03-06-2016 15:00,1528.0322,1530.6649,1525.5485,1528.8269
03-06-2016 15:05,1528.8269,1531.4597,1527.0387,1530.0688
03-06-2016 15:10,1530.963,1531.4597,1525.3994,1530.7146
03-06-2016 15:15,1526.989,1531.4597,1525.0021,1529.9695
03-06-2016 15:20,1529.572,1530.1681,1525.0021,1528.976
03-06-2016 15:25,1528.2308,1529.4728,1521.6738,1529.4728
06-06-2016 09:15,1532.5029,1533.2976,1528.976,1530.8636
06-06-2016 09:20,1530.5656,1531.9564,1527.6348,1528.976
06-06-2016 09:25,1528.976,1531.3604,1525.3002,1528.976
06-06-2016 09:30,1529.0258,1529.9695,1528.976,1528.976
06-06-2016 09:35,1528.976,1529.8701,1527.8335,1529.8701
06-06-2016 09:40,1529.2244,1529.572,1526.989,1529.572
06-06-2016 09:45,1529.6714,1530.1681,1529.2244,1529.2244
06-06-2016 09:50,1529.3237,1529.6714,1528.5289,1529.4728
06-06-2016 09:55,1529.572,1531.41,1529.0258,1530.9132
06-06-2016 10:00,1530.963,1531.3604,1528.976,1529.4728
06-06-2016 10:05,1528.4792,1530.1681,1528.4792,1530.1681
06-06-2016 10:10,1530.2676,1531.9564,1527.9825,1530.7146
06-06-2016 10:15,1530.7146,1531.1121,1529.4728,1530.0192
06-06-2016 10:20,1530.0192,1530.4165,1529.7211,1529.7211
06-06-2016 10:25,1530.3171,1530.7146,1528.976,1529.9695
06-06-2016 10:30,1529.5225,1530.814,1529.4728,1529.9695
06-06-2016 10:35,1530.1185,1530.1185,1529.4728,1529.4728
06-06-2016 10:40,1529.9695,1529.9695,1528.9263,1529.5225
06-06-2016 10:45,1529.9695,1529.9695,1529.572,1529.8701
06-06-2016 10:50,1529.8204,1530.963,1528.8269,1529.0258
06-06-2016 10:55,1529.8701,1530.4662,1528.8767,1529.2244
06-06-2016 11:00,1529.7211,1530.2179,1529.1747,1529.1747
06-06-2016 11:05,1529.1747,1530.963,1528.976,1530.963
06-06-2016 11:10,1529.9695,1530.963,1529.5225,1530.2179
06-06-2016 11:15,1529.9695,1530.0688,1529.4728,1529.4728
06-06-2016 11:20,1529.4728,1529.9695,1529.0258,1529.1747
06-06-2016 11:25,1529.2244,1529.9695,1527.1876,1529.125
06-06-2016 11:30,1529.9695,1529.9695,1524.3066,1528.976
06-06-2016 11:35,1528.8269,1529.5225,1527.4857,1527.9825
06-06-2016 11:40,1527.8335,1528.7277,1525.9955,1528.6779
06-06-2016 11:45,1528.8269,1529.3237,1527.1876,1527.9825
06-06-2016 11:50,1528.9263,1528.9263,1527.0387,1528.7773
06-06-2016 11:55,1528.4792,1529.3237,1528.4792,1528.5289
06-06-2016 12:00,1529.3237,1529.9695,1528.4296,1529.3734
06-06-2016 12:05,1529.3734,1529.8204,1528.7277,1529.6218
06-06-2016 12:10,1528.976,1529.8204,1528.7277,1529.7211
06-06-2016 12:15,1528.2806,1529.1747,1527.4857,1528.976
06-06-2016 12:20,1528.1812,1529.7709,1528.1812,1528.4296
06-06-2016 12:25,1528.5786,1530.4165,1528.3799,1528.5289
06-06-2016 12:30,1529.7211,1529.9695,1529.2244,1529.9198
06-06-2016 12:35,1529.9198,1529.9695,1528.4792,1529.423
06-06-2016 12:40,1529.9695,1529.9695,1528.0818,1528.1316
06-06-2016 12:45,1528.1812,1528.7773,1526.84,1526.989
06-06-2016 12:50,1527.5851,1527.7838,1526.2936,1526.989
06-06-2016 12:55,1526.6909,1527.6348,1526.0948,1526.6414
06-06-2016 13:00,1527.1876,1527.1876,1526.6414,1526.7406
06-06-2016 13:05,1526.6909,1527.1876,1526.2936,1527.0884
06-06-2016 13:10,1526.2936,1526.989,1525.0021,1525.7969
06-06-2016 13:15,1525.7969,1526.9393,1525.7969,1526.0948
06-06-2016 13:20,1526.0948,1526.3929,1525.7969,1525.7969
06-06-2016 13:25,1525.7969,1526.8896,1525.1511,1525.7969
06-06-2016 13:30,1525.1511,1526.0453,1525.0021,1525.0021
06-06-2016 13:35,1525.3994,1525.9458,1524.2072,1525.5485
06-06-2016 13:40,1525.7472,1528.8767,1524.6046,1527.1381
06-06-2016 13:45,1527.0387,1527.9825,1525.4988,1525.5485
06-06-2016 13:50,1525.5485,1526.9393,1525.4988,1526.7406
06-06-2016 13:55,1526.7904,1527.7838,1525.6478,1526.8896
06-06-2016 14:00,1527.0884,1527.0884,1525.0021,1525.1013
06-06-2016 14:05,1525.0518,1526.6909,1525.0021,1525.0518
06-06-2016 14:10,1525.0021,1526.2936,1524.0085,1525.0518
06-06-2016 14:15,1525.8464,1526.8896,1522.0713,1522.866
06-06-2016 14:20,1523.4125,1525.7969,1522.2202,1523.8099
06-06-2016 14:25,1523.7601,1525.9458,1523.7601,1524.1576
06-06-2016 14:30,1524.3066,1524.6543,1521.0281,1522.3693
06-06-2016 14:35,1523.462,1523.462,1520.5811,1522.0713
06-06-2016 14:40,1522.9158,1523.5118,1521.1771,1522.1707
06-06-2016 14:45,1523.1641,1523.3131,1520.283,1522.6177
06-06-2016 14:50,1522.2699,1523.5118,1521.2267,1522.2202
06-06-2016 14:55,1523.3628,1523.5118,1521.2267,1521.6738
06-06-2016 15:00,1523.5118,1524.9027,1521.5248,1523.015
06-06-2016 15:05,1524.5052,1525.0021,1521.4751,1524.0085
06-06-2016 15:10,1524.0085,1539.9043,1523.015,1524.257
06-06-2016 15:15,1525.0021,1530.3669,1523.1641,1524.1079
06-06-2016 15:20,1524.853,1528.976,1523.015,1524.0085
06-06-2016 15:25,1523.9589,1529.2244,1523.1641,1529.1747
07-06-2016 09:15,1517.4019,1525.0021,1517.4019,1524.6543
07-06-2016 09:20,1524.704,1525.9955,1523.015,1524.0085
07-06-2016 09:25,1524.0085,1531.9564,1524.0085,1529.0753
07-06-2016 09:30,1528.5786,1529.9695,1527.1876,1527.1876
07-06-2016 09:35,1526.989,1528.7277,1525.0021,1526.7406
07-06-2016 09:40,1526.7406,1526.989,1524.0085,1525.8962
07-06-2016 09:45,1525.0021,1525.9955,1524.1079,1525.9955
07-06-2016 09:50,1526.0453,1527.9825,1525.0518,1526.1942
07-06-2016 09:55,1524.9523,1526.989,1522.7169,1525.5485
07-06-2016 10:00,1525.3994,1526.989,1524.9523,1526.84
07-06-2016 10:05,1526.0948,1526.9393,1525.9955,1526.0948
07-06-2016 10:10,1526.0948,1526.4923,1524.9523,1526.3433
07-06-2016 10:15,1526.2936,1527.9825,1525.9955,1527.3865
07-06-2016 10:20,1526.8896,1527.8832,1526.2439,1527.6348
07-06-2016 10:25,1527.6844,1527.9825,1525.8464,1527.9327
07-06-2016 10:30,1527.9825,1527.9825,1527.0387,1527.9825
07-06-2016 10:35,1527.7341,1527.9825,1526.989,1526.989
07-06-2016 10:40,1527.8832,1529.7709,1526.8896,1526.8896
07-06-2016 10:45,1526.7904,1526.7904,1524.7537,1525.0518
07-06-2016 10:50,1525.0518,1527.9825,1524.7537,1527.6348
07-06-2016 10:55,1527.7341,1527.9825,1525.1013,1526.6414
07-06-2016 11:00,1526.6414,1527.7341,1524.4556,1526.7904
07-06-2016 11:05,1527.2374,1527.2374,1525.2007,1525.9955
07-06-2016 11:10,1526.7406,1527.7838,1523.1641,1527.7838
07-06-2016 11:15,1527.7838,1529.4728,1526.989,1528.4792
07-06-2016 11:20,1528.4792,1528.4792,1527.0884,1527.9825
07-06-2016 11:25,1527.9825,1528.4792,1526.989,1526.989
07-06-2016 11:30,1528.4792,1533.9434,1527.5355,1530.4662
07-06-2016 11:35,1530.4165,1531.5094,1529.125,1529.572
07-06-2016 11:40,1529.7709,1531.41,1529.6218,1530.963
07-06-2016 11:45,1530.2179,1531.4597,1529.0258,1529.9695
07-06-2016 11:50,1529.9695,1530.4662,1527.9825,1529.9695
07-06-2016 11:55,1529.9695,1530.4662,1528.7277,1529.9695
07-06-2016 12:00,1529.9695,1535.7814,1529.3237,1535.7814
07-06-2016 12:05,1533.4963,1537.818,1533.0492,1537.818
07-06-2016 12:10,1537.7683,1537.7683,1534.5892,1536.6755
07-06-2016 12:15,1536.6755,1537.2219,1532.8506,1536.9238
07-06-2016 12:20,1536.9238,1537.7188,1535.1355,1537.3708
07-06-2016 12:25,1537.4207,1539.507,1535.682,1539.507
07-06-2016 12:30,1539.507,1542.8848,1537.1226,1541.6926
07-06-2016 12:35,1541.3945,1544.375,1539.1592,1542.2887
07-06-2016 12:40,1544.375,1545.6666,1537.5697,1541.792
07-06-2016 12:45,1541.792,1543.8286,1538.0664,1543.8286
07-06-2016 12:50,1543.6299,1544.0273,1540.5502,1541.8914
07-06-2016 12:55,1541.8416,1542.7855,1539.7057,1542.4874
07-06-2016 13:00,1541.3945,1541.3945,1539.0101,1540.0037
07-06-2016 13:05,1540.9475,1540.9475,1538.9606,1540.8978
07-06-2016 13:10,1540.8978,1542.09,1540.0533,1541.1959
07-06-2016 13:15,1541.792,1542.4874,1541.5436,1542.0404
07-06-2016 13:20,1542.0404,1542.1396,1540.1527,1541.9906
07-06-2016 13:25,1541.9906,1542.3881,1541.0469,1541.941
07-06-2016 13:30,1542.3881,1544.8718,1541.0469,1543.7789
07-06-2016 13:35,1543.3816,1543.8286,1541.6429,1541.6429
07-06-2016 13:40,1542.3881,1542.7855,1540.8978,1542.7855
07-06-2016 13:45,1542.7855,1542.7855,1540.3018,1540.3018
07-06-2016 13:50,1540.3018,1540.8978,1539.0101,1540.5502
07-06-2016 13:55,1540.8978,1540.8978,1540.0037,1540.8978
07-06-2016 14:00,1540.8978,1541.2455,1535.3344,1535.3344
07-06-2016 14:05,1535.4834,1535.9304,1532.3539,1533.9434
07-06-2016 14:10,1533.1982,1534.0427,1532.5029,1533.2976
07-06-2016 14:15,1533.8441,1533.8937,1531.6583,1532.0558
07-06-2016 14:20,1532.8009,1532.95,1526.7406,1529.9695
07-06-2016 14:25,1530.2179,1532.8506,1529.2244,1532.8506
07-06-2016 14:30,1531.9564,1533.8937,1531.7081,1533.6453
07-06-2016 14:35,1533.4467,1535.235,1530.2676,1530.2676
07-06-2016 14:40,1530.4165,1530.4165,1527.2374,1527.6348
07-06-2016 14:45,1528.6779,1529.8701,1527.3367,1528.7277
07-06-2016 14:50,1528.976,1529.7211,1527.5355,1528.976
07-06-2016 14:55,1528.9263,1528.976,1526.6909,1528.9263
07-06-2016 15:00,1528.9263,1529.9695,1528.3302,1529.9695
07-06-2016 15:05,1529.9198,1531.7081,1529.423,1530.963
07-06-2016 15:10,1530.963,1531.41,1529.2244,1530.9132
07-06-2016 15:15,1530.1681,1531.1616,1529.0753,1530.9132
07-06-2016 15:20,1530.8636,1530.963,1527.8832,1529.9695
07-06-2016 15:25,1529.9695,1539.656,1528.0322,1532.5525
08-06-2016 09:15,1536.7252,1539.9043,1533.1982,1539.8546
08-06-2016 09:20,1539.8546,1539.9043,1536.9238,1539.4076
08-06-2016 09:25,1538.0167,1539.4076,1536.2285,1536.7748
08-06-2016 09:30,1536.8246,1537.4207,1534.9369,1536.129
08-06-2016 09:35,1534.9369,1536.4271,1531.8572,1534.4402
08-06-2016 09:40,1533.2976,1534.4402,1532.6519,1533.4467
08-06-2016 09:45,1532.9996,1534.7383,1532.7015,1534.5394
08-06-2016 09:50,1534.5394,1534.9369,1533.1486,1534.3408
08-06-2016 09:55,1534.7383,1534.7383,1530.0192,1530.0192
08-06-2016 10:00,1530.4662,1530.5656,1528.976,1529.7709
08-06-2016 10:05,1528.976,1530.963,1528.976,1529.0258
08-06-2016 10:10,1530.3171,1530.963,1528.976,1530.0688
08-06-2016 10:15,1530.0688,1530.8636,1529.2244,1529.7211
08-06-2016 10:20,1529.1747,1531.9564,1529.125,1531.7578
08-06-2016 10:25,1530.8636,1532.6022,1530.7643,1531.9564
08-06-2016 10:30,1531.9564,1533.4467,1531.6088,1532.6022
08-06-2016 10:35,1532.8506,1532.95,1532.2048,1532.4034
08-06-2016 10:40,1532.155,1532.7015,1531.4597,1532.6519
08-06-2016 10:45,1532.3539,1532.9996,1530.516,1532.7512
08-06-2016 10:50,1532.7512,1532.7512,1529.5225,1531.9067
08-06-2016 10:55,1531.9067,1532.3041,1531.1121,1531.3604
08-06-2016 11:00,1530.3171,1531.4597,1529.7211,1531.3107
08-06-2016 11:05,1531.3107,1531.4597,1529.9198,1529.9198
08-06-2016 11:10,1529.9198,1530.963,1528.0818,1529.1747
08-06-2016 11:15,1529.1747,1529.8701,1528.3302,1529.6218
08-06-2016 11:20,1529.6218,1529.9198,1528.976,1529.0753
08-06-2016 11:25,1529.274,1529.9695,1528.8269,1529.1747
08-06-2016 11:30,1529.9198,1529.9695,1528.976,1529.4728
08-06-2016 11:35,1529.9695,1529.9695,1529.1747,1529.1747
08-06-2016 11:40,1529.8204,1530.6649,1529.6218,1529.9695
08-06-2016 11:45,1529.9695,1531.4597,1529.9695,1531.4597
08-06-2016 11:50,1531.1121,1532.5525,1530.5656,1531.9564
08-06-2016 11:55,1532.3539,1532.7015,1530.7146,1530.963
08-06-2016 12:00,1531.0127,1531.0127,1529.7211,1530.4662
08-06-2016 12:05,1530.963,1531.9564,1530.4662,1530.7146
08-06-2016 12:10,1530.7146,1531.0623,1528.976,1528.976
08-06-2016 12:15,1529.9198,1529.9695,1528.4792,1529.2244
08-06-2016 12:20,1529.2244,1529.9695,1529.2244,1529.4728
08-06-2016 12:25,1529.8701,1529.9695,1528.976,1529.4728
08-06-2016 12:30,1529.5225,1529.9695,1528.0322,1529.1747
08-06-2016 12:35,1528.2308,1529.9695,1527.4857,1529.0753
08-06-2016 12:40,1528.976,1529.6714,1527.1876,1528.7277
08-06-2016 12:45,1529.4728,1529.572,1528.4296,1529.2244
08-06-2016 12:50,1529.2244,1530.3669,1528.8767,1529.9695
08-06-2016 12:55,1529.4728,1530.0192,1528.8767,1529.9198
08-06-2016 13:00,1529.8204,1530.9132,1528.8767,1529.8204
08-06-2016 13:05,1529.9198,1530.963,1529.125,1530.9132
08-06-2016 13:10,1531.3604,1531.4597,1529.4728,1530.1681
08-06-2016 13:15,1530.4662,1531.4597,1529.4728,1531.4597
08-06-2016 13:20,1531.4597,1531.9067,1530.3171,1531.6088
08-06-2016 13:25,1531.6088,1532.6519,1530.4165,1532.4531
08-06-2016 13:30,1532.4531,1532.95,1531.7081,1531.9564
08-06-2016 13:35,1531.9564,1533.0492,1531.0623,1533.0492
08-06-2016 13:40,1532.155,1534.9369,1532.155,1534.9369
08-06-2016 13:45,1534.9369,1537.4207,1534.1421,1535.4834
08-06-2016 13:50,1535.3839,1539.9043,1535.3839,1537.0729
08-06-2016 13:55,1536.129,1539.8051,1535.8806,1535.8806
08-06-2016 14:00,1535.4834,1536.8741,1530.963,1530.963
08-06-2016 14:05,1531.2113,1531.5094,1526.1942,1527.1381
08-06-2016 14:10,1525.8464,1529.0753,1522.1707,1527.9825
08-06-2016 14:15,1527.9825,1532.7015,1525.2007,1531.9564
08-06-2016 14:20,1531.8572,1532.4034,1524.5052,1530.8636
08-06-2016 14:25,1529.9695,1532.9001,1527.9825,1528.976
08-06-2016 14:30,1528.976,1529.9695,1526.989,1527.9825
08-06-2016 14:35,1526.989,1528.9263,1525.9955,1527.9825
08-06-2016 14:40,1527.0387,1532.9001,1527.0387,1532.155
08-06-2016 14:45,1532.7512,1533.4467,1530.6152,1531.1616
08-06-2016 14:50,1531.2611,1531.3107,1529.9695,1530.6152
08-06-2016 14:55,1530.2676,1533.3473,1530.2676,1532.0558
08-06-2016 15:00,1532.0558,1535.5826,1532.0558,1533.5957
08-06-2016 15:05,1533.5957,1535.4336,1533.1486,1534.9866
08-06-2016 15:10,1534.9866,1539.9043,1534.9369,1538.0167
08-06-2016 15:15,1537.9174,1538.8611,1534.7383,1534.7383
08-06-2016 15:20,1536.1787,1537.7188,1532.155,1535.9304
08-06-2016 15:25,1535.9801,1537.4207,1531.3107,1537.4207
09-06-2016 09:15,1539.8051,1539.9043,1538.4141,1539.4573
09-06-2016 09:20,1539.9043,1540.0533,1538.9109,1539.9043
09-06-2016 09:25,1539.9043,1543.4808,1539.7057,1543.4808
09-06-2016 09:30,1543.4808,1543.4808,1540.1527,1541.8914
09-06-2016 09:35,1541.3448,1541.8914,1539.4076,1540.8978
09-06-2016 09:40,1541.2953,1541.2953,1538.9606,1540.8978
09-06-2016 09:45,1540.8978,1540.8978,1532.95,1537.9174
09-06-2016 09:50,1537.0232,1540.3513,1536.9238,1540.2521
09-06-2016 09:55,1540.2521,1540.9475,1538.9109,1538.9109
09-06-2016 10:00,1538.9109,1539.4076,1538.3644,1539.3579
09-06-2016 10:05,1539.1095,1540.8978,1538.5134,1540.3018
09-06-2016 10:10,1539.9043,1540.6494,1539.7057,1540.1527
09-06-2016 10:15,1539.9043,1540.4011,1539.209,1539.209
09-06-2016 10:20,1540.1527,1540.3018,1539.2585,1539.9043
09-06-2016 10:25,1539.9043,1540.5004,1537.9174,1540.2024
09-06-2016 10:30,1539.7552,1540.0533,1538.3644,1539.9043
09-06-2016 10:35,1539.9043,1542.8848,1539.9043,1542.3881
09-06-2016 10:40,1541.8914,1543.3318,1541.8914,1543.3318
09-06-2016 10:45,1543.3318,1544.8718,1541.8914,1544.6731
09-06-2016 10:50,1543.8783,1543.8783,1541.1462,1541.8914
09-06-2016 10:55,1541.8914,1542.3384,1541.0469,1541.0469
09-06-2016 11:00,1541.7423,1541.792,1539.2585,1540.103
09-06-2016 11:05,1539.9043,1541.8914,1538.5631,1541.8416
09-06-2016 11:10,1541.792,1541.8416,1541.1462,1541.6926
09-06-2016 11:15,1541.6926,1541.6926,1540.3018,1540.9972
09-06-2016 11:20,1540.9475,1541.7423,1539.9043,1540.8978
09-06-2016 11:25,1540.0037,1540.7488,1539.9541,1540.6992
09-06-2016 11:30,1539.9541,1540.5997,1539.9043,1540.2024
09-06-2016 11:35,1539.4076,1540.5997,1539.4076,1539.9043
09-06-2016 11:40,1540.5004,1541.2953,1539.7552,1540.8978
09-06-2016 11:45,1539.4076,1541.0469,1539.4076,1539.9043
09-06-2016 11:50,1539.9541,1541.4939,1539.9043,1539.9043
09-06-2016 11:55,1539.9043,1540.8481,1538.9109,1538.9109
09-06-2016 12:00,1539.9043,1540.7488,1538.9109,1540.7488
09-06-2016 12:05,1540.0037,1540.8978,1539.3082,1540.6494
09-06-2016 12:10,1540.5997,1540.5997,1539.9043,1539.9043
09-06-2016 12:15,1540.7488,1540.7488,1539.4573,1539.9043
09-06-2016 12:20,1540.8978,1540.8978,1539.9043,1540.6494
09-06-2016 12:25,1540.6494,1540.8978,1539.9541,1540.2024
09-06-2016 12:30,1540.2024,1540.7488,1538.8115,1539.9043
09-06-2016 12:35,1539.9043,1540.5502,1538.9109,1539.9043
09-06-2016 12:40,1539.7552,1540.3018,1539.7552,1539.7552
09-06-2016 12:45,1539.7552,1539.9043,1539.4076,1539.4076
09-06-2016 12:50,1539.4076,1540.4011,1538.8115,1539.0599
09-06-2016 12:55,1539.0599,1539.507,1534.3904,1537.4703
09-06-2016 13:00,1537.4207,1537.9174,1534.5394,1536.9238
09-06-2016 13:05,1537.4703,1537.4703,1536.9238,1536.9238
09-06-2016 13:10,1536.9736,1537.4207,1536.6755,1536.6755
09-06-2016 13:15,1536.6755,1536.9238,1534.9369,1535.9304
09-06-2016 13:20,1535.9304,1539.9043,1534.8872,1536.4271
09-06-2016 13:25,1536.4768,1537.1722,1536.4271,1536.4271
09-06-2016 13:30,1536.4271,1537.0729,1534.3904,1536.9238
09-06-2016 13:35,1536.9238,1536.9238,1535.235,1536.9238
09-06-2016 13:40,1536.9238,1536.9238,1534.8872,1535.8311
09-06-2016 13:45,1535.9304,1535.9304,1533.7448,1534.9369
09-06-2016 13:50,1534.9369,1535.3839,1534.0427,1535.3839
09-06-2016 13:55,1535.3839,1535.3839,1533.1486,1533.4467
09-06-2016 14:00,1533.4963,1533.9434,1527.6844,1530.0192
09-06-2016 14:05,1529.7211,1530.3669,1525.9955,1526.989
09-06-2016 14:10,1526.7406,1528.5786,1525.0021,1525.3497
09-06-2016 14:15,1525.4988,1526.4923,1524.5052,1526.0948
09-06-2016 14:20,1526.0948,1526.9393,1525.5485,1525.9955
09-06-2016 14:25,1526.5916,1526.5916,1523.8099,1525.8464
09-06-2016 14:30,1526.4923,1526.4923,1524.6543,1526.2936
09-06-2016 14:35,1525.3497,1526.989,1524.853,1525.3994
09-06-2016 14:40,1526.7904,1526.989,1525.1013,1526.6414
09-06-2016 14:45,1526.84,1527.9825,1525.4491,1527.0884
09-06-2016 14:50,1527.2871,1530.3171,1526.2936,1526.2936
09-06-2016 14:55,1527.1381,1527.1381,1518.0476,1518.296
09-06-2016 15:00,1519.4882,1525.0021,1519.0411,1523.8595
09-06-2016 15:05,1524.0085,1524.0085,1521.2765,1522.5183
09-06-2016 15:10,1522.5183,1522.5183,1519.1902,1522.5183
09-06-2016 15:15,1522.5183,1524.7537,1521.5746,1523.4125
09-06-2016 15:20,1523.4125,1525.4491,1522.0216,1525.0518
09-06-2016 15:25,1525.0021,1525.9458,1522.0216,1525.7969
10-06-2016 09:15,1525.0021,1529.7211,1522.568,1528.5786
10-06-2016 09:20,1528.5289,1528.5786,1527.9825,1528.0322
10-06-2016 09:25,1528.0322,1528.2308,1525.9955,1527.4857
10-06-2016 09:30,1527.3865,1528.0322,1526.7406,1527.2871
10-06-2016 09:35,1527.9825,1531.9564,1526.989,1531.9564
10-06-2016 09:40,1530.814,1530.963,1526.989,1529.5225
10-06-2016 09:45,1529.9695,1530.9132,1529.8701,1530.0688
10-06-2016 09:50,1530.0192,1530.7643,1529.274,1530.7643
10-06-2016 09:55,1530.7643,1531.2113,1529.6218,1530.1185
10-06-2016 10:00,1530.1185,1539.4076,1530.1185,1538.9606
10-06-2016 10:05,1538.9606,1541.8416,1536.4768,1536.4768
10-06-2016 10:10,1536.9238,1537.7683,1535.4336,1537.3213
10-06-2016 10:15,1536.1787,1537.0232,1535.4336,1536.129
10-06-2016 10:20,1536.129,1538.6625,1535.682,1538.6625
10-06-2016 10:25,1538.0167,1538.6128,1536.2781,1537.0232
10-06-2016 10:30,1537.818,1538.5134,1535.4834,1535.5826
10-06-2016 10:35,1535.3839,1535.9801,1533.6453,1535.682
10-06-2016 10:40,1535.682,1537.9174,1535.682,1537.8677
10-06-2016 10:45,1537.4207,1538.4141,1535.9304,1537.0729
10-06-2016 10:50,1536.6257,1537.3708,1535.9801,1536.2285
10-06-2016 10:55,1536.2285,1537.7188,1535.9801,1536.9736
10-06-2016 11:00,1537.0729,1540.8481,1537.0729,1539.5566
10-06-2016 11:05,1539.5566,1539.5566,1537.9174,1539.1592
10-06-2016 11:10,1539.209,1539.4573,1538.7122,1539.4076
10-06-2016 11:15,1538.8115,1538.8115,1537.0232,1537.5199
10-06-2016 11:20,1537.1722,1537.5697,1536.9736,1537.5697
10-06-2016 11:25,1537.5199,1538.1658,1536.9736,1537.1722
10-06-2016 11:30,1537.1226,1537.1226,1534.8375,1535.682
10-06-2016 11:35,1535.533,1537.9174,1535.235,1537.818
10-06-2016 11:40,1537.0232,1537.8677,1536.5762,1536.9736
10-06-2016 11:45,1537.4207,1537.9174,1536.8246,1537.0232
10-06-2016 11:50,1537.5199,1538.8115,1535.9304,1537.7683
10-06-2016 11:55,1537.1722,1538.4141,1533.9932,1538.4141
10-06-2016 12:00,1537.4207,1537.9174,1537.1226,1537.9174
10-06-2016 12:05,1537.9174,1537.9174,1536.9238,1536.9238
10-06-2016 12:10,1537.1226,1538.0664,1536.2285,1536.7252
10-06-2016 12:15,1536.7252,1537.0729,1535.6323,1537.0232
10-06-2016 12:20,1537.0232,1537.8677,1535.9801,1537.818
10-06-2016 12:25,1537.8677,1537.9174,1535.9801,1536.0795
10-06-2016 12:30,1537.0232,1537.5697,1534.7383,1535.4834
10-06-2016 12:35,1535.4834,1535.4834,1531.8572,1533.0492
10-06-2016 12:40,1534.1918,1534.1918,1531.9067,1533.1486
10-06-2016 12:45,1532.4531,1533.9434,1530.516,1532.5029
10-06-2016 12:50,1532.5029,1536.9238,1532.5029,1536.9238
10-06-2016 12:55,1536.4271,1537.1226,1534.5394,1534.8872
10-06-2016 13:00,1534.7383,1536.3278,1534.4402,1535.8806
10-06-2016 13:05,1535.8806,1536.9238,1535.235,1536.3774
10-06-2016 13:10,1536.9238,1537.2716,1533.6453,1533.6453
10-06-2016 13:15,1535.2845,1536.3278,1533.7448,1533.7448
10-06-2016 13:20,1533.9434,1535.9304,1533.9434,1534.6388
10-06-2016 13:25,1534.4402,1534.5892,1531.9564,1531.9564
10-06-2016 13:30,1532.0061,1534.7383,1530.4662,1534.6885
10-06-2016 13:35,1534.9369,1534.9369,1532.0061,1532.0061
10-06-2016 13:40,1531.9564,1533.8441,1529.9695,1533.8441
10-06-2016 13:45,1532.9996,1533.9434,1531.6583,1532.7015
10-06-2016 13:50,1532.7015,1534.9369,1530.963,1534.9369
10-06-2016 13:55,1534.8872,1535.8806,1533.6453,1535.8806
10-06-2016 14:00,1535.1355,1535.7317,1533.5957,1535.7317
10-06-2016 14:05,1535.3344,1535.8806,1534.4899,1535.682
10-06-2016 14:10,1535.3839,1538.9109,1532.95,1536.3774
10-06-2016 14:15,1537.9174,1538.5134,1534.9866,1535.6323
10-06-2016 14:20,1535.1853,1538.3644,1535.1853,1537.3213
10-06-2016 14:25,1537.9174,1538.8611,1535.682,1538.3644
10-06-2016 14:30,1538.3644,1538.8611,1535.9801,1538.8611
10-06-2016 14:35,1538.8611,1538.8611,1535.9304,1536.4271
10-06-2016 14:40,1536.2285,1538.9109,1536.0297,1538.8611
10-06-2016 14:45,1538.4141,1540.4011,1537.2716,1538.8115
10-06-2016 14:50,1538.8611,1539.7057,1534.9866,1537.967
10-06-2016 14:55,1538.0664,1539.1592,1535.1853,1538.9109
10-06-2016 15:00,1538.6625,1541.2953,1536.6257,1538.4639
10-06-2016 15:05,1538.3148,1543.0338,1536.9736,1541.8914
10-06-2016 15:10,1537.9174,1545.766,1536.9736,1545.1699
10-06-2016 15:15,1545.1699,1548.0012,1539.6062,1546.8588
10-06-2016 15:20,1545.9646,1547.8522,1542.4377,1546.6104
10-06-2016 15:25,1546.8588,1549.6405,1542.09,1549.6405
13-06-2016 09:15,1537.7683,1537.9174,1527.9825,1534.9866
13-06-2016 09:20,1535.682,1536.4271,1532.95,1534.7383
13-06-2016 09:25,1534.7383,1536.9238,1532.95,1533.9434
13-06-2016 09:30,1533.9434,1534.6885,1532.95,1533.7448
13-06-2016 09:35,1533.4467,1535.5826,1533.1486,1535.2845
13-06-2016 09:40,1535.2845,1535.9304,1533.8441,1534.0427
13-06-2016 09:45,1533.9932,1535.1853,1533.9932,1534.6388
13-06-2016 09:50,1534.6388,1535.7814,1534.0427,1534.7383
13-06-2016 09:55,1534.8375,1535.9304,1534.7383,1534.7383
13-06-2016 10:00,1534.7383,1534.7383,1533.9932,1534.5892
13-06-2016 10:05,1534.5892,1535.7814,1534.0924,1535.0859
13-06-2016 10:10,1534.9369,1537.9174,1534.2911,1536.9238
13-06-2016 10:15,1537.2716,1537.2716,1534.9866,1535.9304
13-06-2016 10:20,1537.0232,1537.0232,1535.3839,1535.9304
13-06-2016 10:25,1535.9304,1536.9238,1535.4336,1535.9304
13-06-2016 10:30,1536.7748,1537.3213,1535.9304,1536.7748
13-06-2016 10:35,1536.8246,1540.6992,1536.0795,1537.1722
13-06-2016 10:40,1537.1722,1537.8677,1536.9238,1536.9238
13-06-2016 10:45,1536.4768,1538.3644,1535.0363,1536.9238
13-06-2016 10:50,1536.6755,1539.3579,1536.6755,1537.9174
13-06-2016 10:55,1538.8115,1539.2585,1537.9174,1537.9174
13-06-2016 11:00,1537.9174,1538.2155,1537.7683,1537.7683
13-06-2016 11:05,1538.2155,1538.2155,1535.1355,1535.1355
13-06-2016 11:10,1535.4834,1536.6755,1533.9932,1535.8311
13-06-2016 11:15,1535.8311,1537.9174,1534.6388,1537.9174
13-06-2016 11:20,1537.967,1538.2155,1533.6951,1533.6951
13-06-2016 11:25,1534.7383,1534.9369,1533.4963,1533.546
13-06-2016 11:30,1534.3408,1537.3213,1532.95,1535.8806
13-06-2016 11:35,1535.4336,1536.8741,1533.4467,1533.4467
13-06-2016 11:40,1533.4467,1534.9866,1532.155,1534.2415
13-06-2016 11:45,1534.2415,1534.2415,1533.9434,1533.9434
13-06-2016 11:50,1533.9434,1534.2415,1532.95,1533.4467
13-06-2016 11:55,1533.4467,1534.2415,1532.7512,1533.248
13-06-2016 12:00,1533.1982,1535.235,1533.1982,1533.397
13-06-2016 12:05,1533.0492,1534.9369,1533.0492,1533.3473
13-06-2016 12:10,1533.9434,1533.9434,1531.9564,1531.9564
13-06-2016 12:15,1532.7512,1534.9369,1531.9564,1534.9369
13-06-2016 12:20,1533.8937,1534.7383,1532.4531,1532.9996
13-06-2016 12:25,1534.7878,1535.235,1534.0427,1534.9369
13-06-2016 12:30,1534.0427,1535.7317,1534.0427,1535.7317
13-06-2016 12:35,1535.5826,1536.8741,1535.0859,1536.8246
13-06-2016 12:40,1535.9801,1537.3213,1534.4402,1535.533
13-06-2016 12:45,1535.9304,1536.9736,1534.9369,1535.0363
13-06-2016 12:50,1535.1355,1535.1355,1532.9001,1533.9434
13-06-2016 12:55,1533.9434,1537.5697,1533.9434,1534.9369
13-06-2016 13:00,1533.546,1535.6323,1533.546,1533.9434
13-06-2016 13:05,1533.9932,1535.0859,1533.397,1533.397
13-06-2016 13:10,1534.4899,1534.9369,1533.397,1534.8872
13-06-2016 13:15,1535.0859,1536.7748,1535.0859,1536.6257
13-06-2016 13:20,1536.6755,1536.6755,1534.9369,1535.4336
13-06-2016 13:25,1534.6885,1535.682,1532.2545,1532.95
13-06-2016 13:30,1532.95,1534.8375,1532.2048,1534.7878
13-06-2016 13:35,1534.8375,1534.8375,1533.9434,1534.7878
13-06-2016 13:40,1534.7878,1538.265,1534.5892,1538.265
13-06-2016 13:45,1537.9174,1537.9174,1535.9304,1536.9238
13-06-2016 13:50,1536.8246,1538.3644,1534.9369,1535.682
13-06-2016 13:55,1535.5826,1535.5826,1534.1918,1534.8375
13-06-2016 14:00,1534.1918,1534.6885,1533.3473,1534.6885
13-06-2016 14:05,1534.1918,1534.9369,1533.4963,1534.9369
13-06-2016 14:10,1534.8375,1534.9369,1533.9434,1533.9434
13-06-2016 14:15,1533.9434,1535.3344,1531.4597,1533.0492
13-06-2016 14:20,1532.2545,1533.1486,1531.5591,1531.5591
13-06-2016 14:25,1531.9564,1532.8506,1531.5591,1531.9564
13-06-2016 14:30,1531.4597,1531.9564,1531.4597,1531.9564
13-06-2016 14:35,1531.9564,1532.8009,1531.1616,1532.8009
13-06-2016 14:40,1531.6583,1532.2545,1530.7643,1530.814
13-06-2016 14:45,1530.963,1532.4034,1530.963,1531.4597
13-06-2016 14:50,1532.3041,1532.5029,1530.963,1530.963
13-06-2016 14:55,1530.963,1532.1055,1530.1681,1531.9564
13-06-2016 15:00,1531.6583,1536.2781,1531.2611,1534.9369
13-06-2016 15:05,1534.6885,1540.8481,1533.4467,1540.8481
13-06-2016 15:10,1539.656,1542.09,1535.1355,1536.4271
13-06-2016 15:15,1536.3774,1539.9043,1534.6388,1537.9174
13-06-2016 15:20,1538.6128,1541.1462,1537.1722,1540.5997
13-06-2016 15:25,1540.8978,1542.6365,1535.1355,1542.6365
14-06-2016 09:15,1542.5867,1543.0835,1538.9109,1540.5502
14-06-2016 09:20,1542.5371,1542.5371,1538.116,1538.9606
14-06-2016 09:25,1540.1527,1540.8481,1538.1658,1538.8115
14-06-2016 09:30,1538.9109,1538.9606,1532.5525,1534.7878
14-06-2016 09:35,1533.9434,1535.235,1532.2545,1533.546
14-06-2016 09:40,1533.546,1535.9304,1533.546,1534.2415
14-06-2016 09:45,1534.3408,1535.6323,1533.0492,1533.0492
14-06-2016 09:50,1534.4402,1534.4402,1531.9564,1533.397
14-06-2016 09:55,1533.397,1533.7448,1531.2611,1533.0492
14-06-2016 10:00,1533.0492,1537.0729,1533.0492,1535.9304
14-06-2016 10:05,1535.8806,1535.8806,1533.9434,1533.9434
14-06-2016 10:10,1533.6951,1533.6951,1532.95,1533.6453
14-06-2016 10:15,1533.6453,1533.6453,1532.95,1533.248
14-06-2016 10:20,1533.248,1533.4467,1533.0492,1533.0492
14-06-2016 10:25,1533.6951,1533.6951,1532.9001,1533.0492
14-06-2016 10:30,1533.0492,1533.0492,1530.963,1532.3539
14-06-2016 10:35,1532.3539,1532.95,1530.963,1532.95
14-06-2016 10:40,1532.95,1532.95,1531.5591,1531.5591
14-06-2016 10:45,1531.8572,1532.3539,1531.1121,1532.3041
14-06-2016 10:50,1531.5591,1531.9564,1531.5094,1531.5094
14-06-2016 10:55,1531.0127,1531.5094,1529.9695,1530.2179
14-06-2016 11:00,1530.2179,1531.2113,1529.572,1529.9695
14-06-2016 11:05,1530.4662,1530.963,1530.2179,1530.2179
14-06-2016 11:10,1531.41,1531.41,1530.2179,1530.2179
14-06-2016 11:15,1530.2179,1531.4597,1530.2179,1530.2179
14-06-2016 11:20,1530.516,1530.814,1529.9695,1530.814
14-06-2016 11:25,1531.41,1532.3041,1530.8636,1531.9067
14-06-2016 11:30,1531.0127,1532.8009,1531.0127,1531.9067
14-06-2016 11:35,1531.9564,1531.9564,1530.2179,1530.2179
14-06-2016 11:40,1530.6649,1533.6951,1530.0688,1532.4531
14-06-2016 11:45,1532.7015,1533.6453,1530.0688,1531.6088
14-06-2016 11:50,1531.6088,1532.5029,1530.9132,1531.3107
14-06-2016 11:55,1531.3107,1532.3041,1530.6152,1531.5094
14-06-2016 12:00,1531.5094,1532.155,1530.1681,1530.7643
14-06-2016 12:05,1530.9132,1531.5094,1530.6152,1530.6152
14-06-2016 12:10,1529.9695,1530.6649,1529.9695,1530.0688
14-06-2016 12:15,1530.0688,1530.4662,1529.9695,1529.9695
14-06-2016 12:20,1530.2676,1530.4662,1528.976,1530.0192
14-06-2016 12:25,1529.9695,1530.4165,1529.0258,1529.9695
14-06-2016 12:30,1529.9695,1530.2676,1528.9263,1529.9695
14-06-2016 12:35,1529.9695,1530.2179,1529.9695,1529.9695
14-06-2016 12:40,1529.9695,1530.4662,1529.274,1530.4662
14-06-2016 12:45,1530.4662,1531.8572,1530.4662,1530.516
14-06-2016 12:50,1530.516,1530.516,1529.9695,1529.9695
14-06-2016 12:55,1529.9695,1530.4662,1529.9695,1530.4662
14-06-2016 13:00,1530.4662,1531.6088,1528.976,1529.9695
14-06-2016 13:05,1529.9695,1530.516,1529.9695,1530.1185
14-06-2016 13:10,1529.9695,1530.4662,1529.9695,1530.4662
14-06-2016 13:15,1530.0192,1530.516,1529.9695,1529.9695
14-06-2016 13:20,1530.0192,1531.1121,1529.9695,1530.814
14-06-2016 13:25,1530.2179,1530.7643,1528.976,1530.0192
14-06-2016 13:30,1530.0192,1530.2179,1528.976,1529.9695
14-06-2016 13:35,1529.9695,1531.3107,1529.6714,1530.3171
14-06-2016 13:40,1530.3171,1532.8506,1530.3171,1531.9564
14-06-2016 13:45,1532.0558,1534.9369,1531.9564,1534.3904
14-06-2016 13:50,1534.9369,1535.6323,1531.3604,1532.95
14-06-2016 13:55,1532.95,1532.95,1531.6088,1531.9564
14-06-2016 14:00,1532.6519,1532.7512,1530.963,1531.9564
14-06-2016 14:05,1531.9564,1532.0558,1530.4662,1531.9564
14-06-2016 14:10,1531.9564,1532.4531,1531.9564,1532.4034
14-06-2016 14:15,1532.4034,1532.4034,1530.516,1531.9564
14-06-2016 14:20,1531.9564,1532.4034,1530.6152,1532.0061
14-06-2016 14:25,1532.0061,1532.6519,1530.516,1531.9564
14-06-2016 14:30,1532.0558,1532.95,1531.8572,1532.0061
14-06-2016 14:35,1532.0558,1532.1055,1531.9564,1532.1055
14-06-2016 14:40,1530.814,1532.8506,1530.814,1532.4034
14-06-2016 14:45,1531.9564,1532.5525,1530.4662,1532.3041
14-06-2016 14:50,1532.0061,1532.4531,1531.8572,1532.3041
14-06-2016 14:55,1532.0061,1532.4531,1528.8269,1528.8269
14-06-2016 15:00,1528.8767,1531.9564,1528.7277,1530.963
14-06-2016 15:05,1530.963,1531.9564,1528.0818,1531.1121
14-06-2016 15:10,1527.9825,1531.9564,1525.8962,1527.5851
14-06-2016 15:15,1531.4597,1531.6583,1526.0948,1530.2676
14-06-2016 15:20,1530.2676,1531.5094,1526.2936,1529.6218
14-06-2016 15:25,1528.976,1530.516,1525.0021,1526.2439
15-06-2016 09:15,1532.0061,1534.8872,1528.976,1529.6218
15-06-2016 09:20,1529.6218,1531.9067,1529.6218,1530.0192
15-06-2016 09:25,1530.6649,1530.963,1528.976,1530.0688
15-06-2016 09:30,1530.0192,1530.0192,1528.0322,1529.9695
15-06-2016 09:35,1529.9695,1529.9695,1529.5225,1529.9695
15-06-2016 09:40,1529.7211,1531.0623,1529.7211,1529.7709
15-06-2016 09:45,1529.9695,1530.7146,1528.2308,1529.9695
15-06-2016 09:50,1529.9695,1530.963,1528.5289,1528.5289
15-06-2016 09:55,1528.5289,1529.8204,1528.3302,1528.3302
15-06-2016 10:00,1528.6779,1530.1681,1528.4296,1529.572
15-06-2016 10:05,1529.3734,1530.4165,1528.976,1529.7709
15-06-2016 10:10,1529.2244,1530.4165,1529.2244,1529.274
15-06-2016 10:15,1529.274,1529.4728,1529.0753,1529.4728
15-06-2016 10:20,1529.274,1529.7211,1528.3799,1528.976
15-06-2016 10:25,1528.976,1529.0258,1528.4792,1528.976
15-06-2016 10:30,1528.5289,1529.9695,1528.4792,1528.4792
15-06-2016 10:35,1529.0258,1529.0258,1528.2806,1528.2806
15-06-2016 10:40,1528.3302,1530.963,1528.2308,1528.3799
15-06-2016 10:45,1528.2806,1529.9695,1528.2806,1529.9198
15-06-2016 10:50,1529.3734,1530.7146,1529.3734,1530.7146
15-06-2016 10:55,1529.572,1529.572,1528.2308,1529.2244
15-06-2016 11:00,1529.2244,1529.572,1527.6348,1529.5225
15-06-2016 11:05,1529.7709,1529.9695,1528.6779,1529.9198
15-06-2016 11:10,1529.9198,1532.4034,1528.976,1530.2676
15-06-2016 11:15,1530.7643,1530.7643,1528.5289,1528.976
15-06-2016 11:20,1528.5786,1529.9695,1528.5786,1529.4728
15-06-2016 11:25,1529.8701,1530.814,1529.0258,1530.4662
15-06-2016 11:30,1529.125,1530.963,1529.125,1530.963
15-06-2016 11:35,1530.963,1531.9067,1530.2179,1531.9067
15-06-2016 11:40,1531.2611,1532.95,1531.2113,1531.5591
15-06-2016 11:45,1531.8074,1531.9067,1531.2611,1531.2611
15-06-2016 11:50,1531.1616,1532.95,1531.0623,1531.2611
15-06-2016 11:55,1531.3107,1531.6088,1531.0127,1531.1616
15-06-2016 12:00,1531.1616,1531.4597,1528.7277,1528.976
15-06-2016 12:05,1529.6714,1531.0127,1528.4792,1529.125
15-06-2016 12:10,1530.2676,1531.9564,1529.9198,1531.9067
15-06-2016 12:15,1531.8572,1533.9932,1530.8636,1531.6583
15-06-2016 12:20,1531.9564,1532.5029,1530.3669,1531.41
15-06-2016 12:25,1531.6088,1531.6088,1529.7211,1531.41
15-06-2016 12:30,1531.4597,1531.5591,1530.6152,1530.6152
15-06-2016 12:35,1530.6152,1531.9564,1530.2676,1531.1616
15-06-2016 12:40,1531.9564,1533.9932,1530.814,1530.963
15-06-2016 12:45,1531.9067,1538.0167,1531.9067,1536.9238
15-06-2016 12:50,1535.7814,1536.9736,1534.5892,1536.6257
15-06-2016 12:55,1536.1787,1536.1787,1534.3408,1534.4402
15-06-2016 13:00,1534.4402,1536.4271,1533.9434,1536.4271
15-06-2016 13:05,1536.8741,1536.9736,1535.235,1535.9304
15-06-2016 13:10,1534.9866,1536.4271,1534.9866,1535.3839
15-06-2016 13:15,1536.2781,1536.4271,1534.9866,1534.9866
15-06-2016 13:20,1534.9866,1534.9866,1533.4467,1533.4467
15-06-2016 13:25,1535.2845,1535.7814,1533.6453,1535.7814
15-06-2016 13:30,1535.0859,1540.9972,1534.4402,1538.9109
15-06-2016 13:35,1538.9109,1545.4182,1537.9174,1544.8718
15-06-2016 13:40,1545.766,1549.7399,1544.6234,1548.9451
15-06-2016 13:45,1548.9451,1552.3727,1546.4613,1548.349
15-06-2016 13:50,1548.349,1549.7399,1546.809,1548.8954
15-06-2016 13:55,1549.6902,1549.6902,1545.6169,1546.8588
15-06-2016 14:00,1547.2561,1549.5908,1541.8914,1548.8457
15-06-2016 14:05,1548.349,1548.349,1544.8718,1545.9149
15-06-2016 14:10,1546.8588,1547.5541,1544.524,1546.4117
15-06-2016 14:15,1546.8588,1548.9948,1545.6169,1547.3555
15-06-2016 14:20,1547.3555,1547.5045,1543.0338,1543.0338
15-06-2016 14:25,1544.2758,1545.8652,1542.5371,1545.8652
15-06-2016 14:30,1545.8652,1548.9948,1545.4182,1548.9948
15-06-2016 14:35,1549.0443,1549.8392,1547.8025,1548.8457
15-06-2016 14:40,1549.4418,1553.068,1548.8457,1549.7894
15-06-2016 14:45,1548.9451,1550.8824,1548.0509,1548.0509
15-06-2016 14:50,1548.8457,1552.8197,1548.1006,1552.3229
15-06-2016 14:55,1550.8326,1553.6641,1550.485,1553.4158
15-06-2016 15:00,1553.515,1554.459,1546.3619,1550.634
15-06-2016 15:05,1550.7334,1550.7334,1547.3058,1548.8954
15-06-2016 15:10,1549.3424,1549.7894,1546.3619,1548.2992
15-06-2016 15:15,1548.3987,1550.3856,1543.7292,1550.3856
15-06-2016 15:20,1549.8392,1551.3295,1549.0941,1551.2797
15-06-2016 15:25,1551.2797,1552.7203,1549.8392,1550.9817
16-06-2016 09:15,1549.8392,1552.9688,1546.7097,1551.8262
16-06-2016 09:20,1551.7268,1552.2732,1546.6104,1550.4353
16-06-2016 09:25,1552.8197,1554.459,1549.8392,1549.8392
16-06-2016 09:30,1548.9948,1555.9492,1547.6536,1549.8392
16-06-2016 09:35,1549.6902,1553.6145,1548.9451,1552.9189
16-06-2016 09:40,1552.8197,1553.7634,1550.9817,1552.7203
16-06-2016 09:45,1553.8131,1555.5021,1552.7203,1554.3596
16-06-2016 09:50,1554.3596,1559.5258,1554.3596,1557.8368
16-06-2016 09:55,1557.8368,1561.761,1557.2904,1559.5258
16-06-2016 10:00,1558.0355,1560.2708,1557.042,1557.6877
16-06-2016 10:05,1557.7374,1557.7871,1552.7203,1553.2667
16-06-2016 10:10,1553.8131,1553.8131,1534.9866,1535.9304
16-06-2016 10:15,1536.0297,1544.822,1535.0859,1542.3881
16-06-2016 10:20,1542.3881,1545.5176,1540.8978,1544.7725
16-06-2016 10:25,1544.8718,1548.349,1544.375,1547.3058
16-06-2016 10:30,1547.3555,1547.3555,1543.928,1544.1764
16-06-2016 10:35,1544.0273,1545.4182,1542.4874,1543.5802
16-06-2016 10:40,1542.6862,1544.4248,1541.8914,1544.1267
16-06-2016 10:45,1543.8783,1544.2758,1538.0167,1539.6062
16-06-2016 10:50,1538.7618,1539.9043,1537.9174,1539.7057
16-06-2016 10:55,1539.8546,1540.8481,1538.8611,1540.103
16-06-2016 11:00,1540.8978,1540.8978,1529.9695,1531.9564
16-06-2016 11:05,1532.4531,1535.1355,1532.4531,1533.5957
16-06-2016 11:10,1534.4402,1535.6323,1532.95,1532.95
16-06-2016 11:15,1532.95,1534.2911,1531.9564,1534.2911
16-06-2016 11:20,1534.9369,1534.9369,1533.397,1534.0427
16-06-2016 11:25,1533.4467,1535.9304,1532.0558,1532.95
16-06-2016 11:30,1533.0492,1533.0492,1525.5485,1528.0322
16-06-2016 11:35,1528.9263,1531.8572,1527.9825,1530.963
16-06-2016 11:40,1531.2611,1532.95,1530.963,1531.2611
16-06-2016 11:45,1531.2611,1531.7578,1528.976,1529.5225
16-06-2016 11:50,1530.6649,1530.6649,1527.8335,1528.6779
16-06-2016 11:55,1528.0818,1530.5656,1527.9825,1530.1185
16-06-2016 12:00,1529.3237,1532.4531,1529.3237,1530.4662
16-06-2016 12:05,1531.0623,1531.9564,1530.0688,1530.963
16-06-2016 12:10,1531.0127,1531.3604,1529.9695,1530.8636
16-06-2016 12:15,1531.0127,1531.0127,1528.976,1530.0192
16-06-2016 12:20,1530.5656,1532.3041,1529.9695,1532.3041
16-06-2016 12:25,1532.2545,1532.4531,1531.0623,1531.4597
16-06-2016 12:30,1531.1121,1533.9434,1530.963,1532.2545
16-06-2016 12:35,1532.3041,1533.1982,1530.963,1532.9001
16-06-2016 12:40,1533.1486,1535.3839,1531.4597,1533.7448
16-06-2016 12:45,1533.7448,1535.9304,1532.4531,1534.6388
16-06-2016 12:50,1534.8872,1535.9304,1531.5591,1531.5591
16-06-2016 12:55,1532.2545,1533.9434,1530.963,1532.6022
16-06-2016 13:00,1532.8009,1537.4207,1531.1121,1536.2781
16-06-2016 13:05,1535.0363,1537.4207,1534.9369,1535.9304
16-06-2016 13:10,1535.9304,1537.3708,1534.9369,1534.9866
16-06-2016 13:15,1534.9369,1536.2781,1533.397,1534.6388
16-06-2016 13:20,1534.5892,1536.9736,1533.9932,1534.7383
16-06-2016 13:25,1534.9369,1537.9174,1534.7383,1535.1853
16-06-2016 13:30,1536.7252,1537.0232,1533.2976,1534.5394
16-06-2016 13:35,1534.3408,1535.8311,1532.7015,1534.5394
16-06-2016 13:40,1534.9369,1536.0795,1533.9434,1534.7878
16-06-2016 13:45,1534.7878,1538.9109,1533.9434,1536.6257
16-06-2016 13:50,1536.6257,1539.8546,1535.9304,1539.7552
16-06-2016 13:55,1537.818,1539.9541,1535.9801,1538.9109
16-06-2016 14:00,1538.8611,1539.9043,1537.9174,1539.5566
16-06-2016 14:05,1539.5566,1539.9043,1538.0664,1538.9109
16-06-2016 14:10,1538.9109,1539.9043,1538.0167,1538.7618
16-06-2016 14:15,1538.7618,1539.8051,1538.2155,1539.7057
16-06-2016 14:20,1539.7057,1540.8978,1537.6193,1539.3579
16-06-2016 14:25,1539.3579,1539.6062,1536.7748,1537.4703
16-06-2016 14:30,1537.3708,1538.4141,1535.7814,1536.7252
16-06-2016 14:35,1535.7814,1538.5134,1534.3904,1538.3148
16-06-2016 14:40,1539.8051,1539.9043,1535.7814,1536.8246
16-06-2016 14:45,1539.0599,1539.7057,1534.9369,1537.4703
16-06-2016 14:50,1537.4207,1539.209,1534.6388,1536.2285
16-06-2016 14:55,1536.2781,1538.9606,1534.9369,1538.9606
16-06-2016 15:00,1536.5762,1540.4508,1535.3344,1536.6257
16-06-2016 15:05,1536.6257,1540.103,1536.0297,1536.8741
16-06-2016 15:10,1536.8741,1539.5566,1534.0924,1535.9304
16-06-2016 15:15,1535.7317,1537.6689,1531.9564,1533.9434
16-06-2016 15:20,1533.9434,1536.9736,1532.8009,1536.9736
16-06-2016 15:25,1536.0795,1536.8741,1530.963,1531.0623
17-06-2016 09:15,1544.8718,1549.2432,1538.265,1541.2455
17-06-2016 09:20,1541.2455,1548.8457,1539.7057,1546.0143
17-06-2016 09:25,1546.8588,1547.3058,1542.9841,1543.6797
17-06-2016 09:30,1543.6797,1545.8652,1540.5004,1542.4874
17-06-2016 09:35,1542.9346,1544.4744,1540.1527,1541.792
17-06-2016 09:40,1541.4939,1544.0769,1540.3018,1541.6429
17-06-2016 09:45,1541.7423,1544.7228,1541.7423,1543.7789
17-06-2016 09:50,1543.7292,1543.7292,1540.9972,1541.4443
17-06-2016 09:55,1541.5436,1542.3881,1538.9109,1541.6429
17-06-2016 10:00,1541.6429,1542.7855,1537.0232,1537.9174
17-06-2016 10:05,1537.7188,1541.0469,1536.2781,1536.3774
17-06-2016 10:10,1536.3278,1538.8115,1534.5394,1537.9174
17-06-2016 10:15,1539.0101,1539.3082,1535.9801,1538.9109
17-06-2016 10:20,1538.9109,1539.507,1536.0795,1539.0599
17-06-2016 10:25,1538.8115,1538.8115,1537.0232,1537.818
17-06-2016 10:30,1537.2716,1539.2585,1536.9238,1539.1592
17-06-2016 10:35,1539.1592,1540.7985,1539.1592,1540.7985
17-06-2016 10:40,1540.8978,1544.8718,1540.7985,1543.1829
17-06-2016 10:45,1542.8351,1543.6299,1541.8416,1541.8416
17-06-2016 10:50,1541.8914,1542.6365,1538.8115,1539.9043
17-06-2016 10:55,1539.507,1540.1527,1538.6128,1539.0101
17-06-2016 11:00,1539.0101,1543.1332,1537.6193,1539.9541
17-06-2016 11:05,1539.9541,1540.7985,1539.9043,1539.9043
17-06-2016 11:10,1539.5566,1541.5933,1539.5566,1540.5502
17-06-2016 11:15,1540.5502,1541.4443,1538.6625,1538.9109
17-06-2016 11:20,1539.3082,1540.6992,1537.9174,1540.6992
17-06-2016 11:25,1540.6494,1541.8914,1539.1095,1541.8914
17-06-2016 11:30,1541.8914,1541.8914,1540.3018,1540.8978
17-06-2016 11:35,1540.2024,1541.2953,1540.2024,1540.4011
17-06-2016 11:40,1540.3513,1541.0469,1539.9043,1540.2024
17-06-2016 11:45,1540.2024,1540.2024,1539.0101,1539.0599
17-06-2016 11:50,1539.0599,1540.7985,1538.9109,1540.0533
17-06-2016 11:55,1539.7552,1540.6992,1539.7057,1539.9541
17-06-2016 12:00,1540.2024,1540.5502,1539.9541,1539.9541
17-06-2016 12:05,1540.3513,1541.8914,1539.9541,1540.3513
17-06-2016 12:10,1540.4508,1540.6992,1539.9043,1540.4011
17-06-2016 12:15,1540.8978,1541.4939,1539.7552,1541.0469
17-06-2016 12:20,1540.4011,1540.6992,1538.6625,1540.103
17-06-2016 12:25,1539.4573,1542.3881,1538.3644,1541.8416
17-06-2016 12:30,1541.7423,1541.792,1540.3513,1540.8978
17-06-2016 12:35,1540.8978,1541.5436,1539.4573,1540.8978
17-06-2016 12:40,1540.5997,1541.6429,1539.7057,1541.6429
17-06-2016 12:45,1541.6429,1541.6429,1539.4076,1540.5997
17-06-2016 12:50,1541.3945,1542.239,1539.9043,1541.6429
17-06-2016 12:55,1541.792,1542.1396,1540.2521,1541.5933
17-06-2016 13:00,1541.3945,1542.8848,1541.3945,1542.5867
17-06-2016 13:05,1542.6862,1542.6862,1541.5933,1542.3384
17-06-2016 13:10,1542.3881,1542.3881,1540.4011,1540.4011
17-06-2016 13:15,1541.5933,1544.226,1539.4076,1544.0273
17-06-2016 13:20,1544.0273,1544.375,1543.3816,1543.8783
17-06-2016 13:25,1542.9346,1544.2758,1542.9346,1543.8286
17-06-2016 13:30,1543.8286,1543.8783,1541.6926,1543.8783
17-06-2016 13:35,1543.8783,1543.8783,1539.9043,1542.8848
17-06-2016 13:40,1542.3881,1543.7789,1540.1527,1543.6797
17-06-2016 13:45,1543.6797,1543.6797,1540.7488,1542.3384
17-06-2016 13:50,1541.941,1542.4377,1541.8914,1542.4377
17-06-2016 13:55,1541.9906,1542.8848,1540.3513,1541.9906
17-06-2016 14:00,1542.8848,1543.8783,1540.7985,1543.8783
17-06-2016 14:05,1543.8783,1544.8718,1541.3945,1544.6731
17-06-2016 14:10,1544.6731,1544.8718,1541.0964,1544.822
17-06-2016 14:15,1544.8718,1544.8718,1543.6299,1544.0273
17-06-2016 14:20,1544.0769,1544.5737,1541.2953,1543.1829
17-06-2016 14:25,1543.1829,1543.2822,1539.9043,1543.2325
17-06-2016 14:30,1543.2325,1543.7292,1539.507,1542.1396
17-06-2016 14:35,1543.1829,1543.3816,1539.9043,1542.3881
17-06-2016 14:40,1539.5566,1542.8848,1538.8115,1542.2887
17-06-2016 14:45,1542.2887,1542.8848,1537.967,1539.0599
17-06-2016 14:50,1543.3816,1543.3816,1538.8611,1542.1396
17-06-2016 14:55,1542.8848,1545.8652,1538.3644,1544.8718
17-06-2016 15:00,1544.822,1548.6471,1541.8914,1548.5973
17-06-2016 15:05,1548.5476,1548.5973,1539.9043,1545.3188
17-06-2016 15:10,1545.4182,1546.4117,1539.8546,1544.8718
17-06-2016 15:15,1544.8718,1547.7529,1539.8051,1545.8652
17-06-2016 15:20,1545.8652,1546.5607,1540.5997,1544.822
17-06-2016 15:25,1544.8718,1545.5671,1539.0101,1545.5671
20-06-2016 09:15,1534.8375,1536.0297,1529.9695,1533.9932
20-06-2016 09:20,1532.95,1535.9304,1532.1055,1535.9304
20-06-2016 09:25,1534.9369,1536.4271,1534.0427,1534.9866
20-06-2016 09:30,1534.4899,1538.9109,1532.5525,1534.9866
20-06-2016 09:35,1536.6257,1538.9109,1535.9304,1535.9304
20-06-2016 09:40,1534.9369,1535.8311,1533.9932,1534.0924
20-06-2016 09:45,1534.9369,1536.6257,1534.2911,1536.4768
20-06-2016 09:50,1536.6755,1536.9238,1535.9304,1536.6755
20-06-2016 09:55,1535.9304,1536.6755,1535.9304,1535.9801
20-06-2016 10:00,1536.8741,1541.8914,1536.0297,1539.8546
20-06-2016 10:05,1537.5199,1540.4508,1536.2781,1536.9238
20-06-2016 10:10,1536.5265,1537.9174,1535.9304,1537.5697
20-06-2016 10:15,1536.2781,1537.2219,1536.2781,1536.9238
20-06-2016 10:20,1536.9238,1536.9238,1536.2781,1536.2781
20-06-2016 10:25,1535.9304,1536.9238,1535.9304,1536.9238
20-06-2016 10:30,1536.9238,1536.9238,1536.129,1536.4271
20-06-2016 10:35,1536.9238,1537.9174,1536.6257,1536.9238
20-06-2016 10:40,1536.9238,1536.9238,1533.9434,1534.3904
20-06-2016 10:45,1533.7943,1534.9369,1533.248,1534.9369
20-06-2016 10:50,1534.0427,1535.3839,1533.397,1534.6388
20-06-2016 10:55,1534.5892,1534.6388,1533.4467,1534.6388
20-06-2016 11:00,1534.6388,1534.9369,1531.9067,1533.0492
20-06-2016 11:05,1532.9001,1534.9369,1532.9001,1534.9369
20-06-2016 11:10,1534.8375,1535.533,1534.2415,1535.533
20-06-2016 11:15,1534.9369,1534.9369,1533.9434,1533.9932
20-06-2016 11:20,1534.8872,1534.9369,1533.9932,1534.1421
20-06-2016 11:25,1533.9932,1534.9369,1533.9932,1534.3408
20-06-2016 11:30,1534.9369,1535.682,1534.3408,1534.4402
20-06-2016 11:35,1533.9434,1534.6388,1532.6022,1534.5394
20-06-2016 11:40,1534.6388,1534.9369,1532.95,1534.9369
20-06-2016 11:45,1534.9369,1535.4834,1534.5394,1534.9369
20-06-2016 11:50,1534.9369,1539.0599,1534.9369,1537.7188
20-06-2016 11:55,1537.8677,1542.8848,1537.4207,1540.8481
20-06-2016 12:00,1540.8481,1541.8914,1538.9109,1540.3018
20-06-2016 12:05,1540.6992,1542.239,1540.0037,1541.7423
20-06-2016 12:10,1541.8914,1541.8914,1540.8978,1541.2953
20-06-2016 12:15,1541.0469,1541.7423,1539.9043,1540.8978
20-06-2016 12:20,1540.103,1540.8978,1539.7057,1539.7057
20-06-2016 12:25,1539.5566,1543.6797,1539.4076,1542.8848
20-06-2016 12:30,1542.3881,1545.8652,1541.8914,1545.3685
20-06-2016 12:35,1544.7725,1546.4117,1543.9777,1545.9646
20-06-2016 12:40,1546.1136,1546.3619,1542.5867,1545.3188
20-06-2016 12:45,1545.3188,1546.3619,1541.4443,1544.375
20-06-2016 12:50,1543.6797,1546.0143,1541.3448,1543.8783
20-06-2016 12:55,1544.8718,1544.8718,1542.0404,1542.5867
20-06-2016 13:00,1544.8718,1545.766,1540.8978,1543.3318
20-06-2016 13:05,1543.3816,1543.4808,1541.2953,1543.1332
20-06-2016 13:10,1543.1332,1543.1332,1539.4573,1540.2024
20-06-2016 13:15,1539.9043,1540.7488,1538.9606,1540.7488
20-06-2016 13:20,1539.507,1541.792,1539.3579,1541.792
20-06-2016 13:25,1541.792,1541.792,1539.9043,1540.6992
20-06-2016 13:30,1540.6494,1541.3945,1540.2521,1541.3945
20-06-2016 13:35,1541.3945,1541.6429,1538.9109,1539.8546
20-06-2016 13:40,1539.8546,1539.9541,1538.9606,1539.4076
20-06-2016 13:45,1539.4076,1541.8914,1539.4076,1541.792
20-06-2016 13:50,1541.8416,1541.8914,1540.7985,1541.8914
20-06-2016 13:55,1541.8914,1541.8914,1540.0037,1541.6926
20-06-2016 14:00,1541.8914,1541.8914,1541.0469,1541.1462
20-06-2016 14:05,1541.8914,1542.3881,1541.0469,1541.8914
20-06-2016 14:10,1541.941,1542.3384,1540.4508,1541.8914
20-06-2016 14:15,1541.8914,1542.6862,1540.6992,1541.9906
20-06-2016 14:20,1541.9906,1542.7855,1540.4011,1542.1396
20-06-2016 14:25,1542.1396,1542.6365,1540.8978,1542.2887
20-06-2016 14:30,1542.3384,1542.3384,1540.8978,1541.6926
20-06-2016 14:35,1541.7423,1545.8156,1540.8978,1545.6169
20-06-2016 14:40,1544.6234,1547.6039,1544.6234,1547.5541
20-06-2016 14:45,1547.7529,1554.8066,1546.809,1553.1674
20-06-2016 14:50,1553.4158,1554.8066,1552.4222,1553.8131
20-06-2016 14:55,1553.9622,1555.2537,1550.6836,1554.8066
20-06-2016 15:00,1554.8563,1559.774,1554.8066,1558.8799
20-06-2016 15:05,1558.8799,1564.0957,1558.8799,1562.9036
20-06-2016 15:10,1563.2015,1563.6982,1560.9166,1560.9166
20-06-2016 15:15,1560.9166,1561.6119,1554.8066,1556.9923
20-06-2016 15:20,1557.191,1562.7048,1557.191,1558.1348
20-06-2016 15:25,1558.1846,1561.761,1557.7871,1557.8865
21-06-2016 09:15,1562.7545,1566.5795,1555.8002,1557.7871
21-06-2016 09:20,1558.5819,1559.2277,1555.8002,1555.8002
21-06-2016 09:25,1554.3099,1554.8066,1552.621,1553.3164
21-06-2016 09:30,1553.3164,1553.3164,1550.0875,1551.1307
21-06-2016 09:35,1551.0811,1551.7268,1549.4915,1549.8392
21-06-2016 09:40,1549.7894,1552.7699,1547.8522,1551.0811
21-06-2016 09:45,1550.8326,1552.5216,1549.9385,1552.5216
21-06-2016 09:50,1552.3229,1552.3229,1547.8522,1549.3424
21-06-2016 09:55,1549.3424,1550.8326,1548.6471,1549.8392
21-06-2016 10:00,1549.8392,1551.8262,1549.4915,1550.783
21-06-2016 10:05,1550.8326,1552.3229,1549.8392,1552.1243
21-06-2016 10:10,1551.3295,1554.7073,1550.7334,1554.7073
21-06-2016 10:15,1554.6576,1554.8066,1552.8694,1553.6145
21-06-2016 10:20,1553.4655,1554.5582,1553.217,1553.3164
21-06-2016 10:25,1551.5281,1553.068,1551.5281,1551.6771
21-06-2016 10:30,1551.6771,1553.6641,1551.0314,1553.515
21-06-2016 10:35,1553.8131,1554.3099,1553.2667,1553.8131
21-06-2016 10:40,1553.8131,1554.5582,1553.3164,1553.3164
21-06-2016 10:45,1553.068,1553.068,1550.8326,1550.8326
21-06-2016 10:50,1549.8392,1551.1307,1549.8392,1549.9883
21-06-2016 10:55,1550.3359,1550.3359,1547.902,1549.8392
21-06-2016 11:00,1549.4418,1549.6902,1548.8457,1549.4418
21-06-2016 11:05,1549.3922,1550.0378,1549.3424,1549.4418
21-06-2016 11:10,1548.796,1551.5281,1548.796,1551.5281
21-06-2016 11:15,1550.3359,1553.1178,1549.9883,1550.485
21-06-2016 11:20,1552.8197,1552.8197,1551.3295,1551.3295
21-06-2016 11:25,1551.3295,1552.4222,1550.783,1551.0811
21-06-2016 11:30,1552.3727,1552.3727,1551.3295,1551.3295
21-06-2016 11:35,1551.8262,1552.1243,1551.3295,1551.3792
21-06-2016 11:40,1551.2797,1552.7203,1551.2797,1552.7203
21-06-2016 11:45,1552.3229,1552.8694,1550.8326,1551.3295
21-06-2016 11:50,1552.1738,1553.9622,1549.8392,1552.6707
21-06-2016 11:55,1551.7268,1554.2601,1551.7268,1553.5648
21-06-2016 12:00,1553.6145,1553.6641,1552.8197,1552.8197
21-06-2016 12:05,1553.4655,1553.4655,1551.8262,1552.8197
21-06-2016 12:10,1552.8197,1552.8694,1551.9255,1552.7203
21-06-2016 12:15,1552.6707,1552.6707,1549.8392,1550.3856
21-06-2016 12:20,1550.7334,1550.7334,1548.6471,1549.4418
21-06-2016 12:25,1549.8392,1549.8392,1549.3424,1549.6902
21-06-2016 12:30,1549.7894,1549.8392,1549.3424,1549.3424
21-06-2016 12:35,1549.3424,1549.3424,1549.0941,1549.0941
21-06-2016 12:40,1549.2927,1549.2927,1542.5371,1544.4744
21-06-2016 12:45,1544.7228,1548.8457,1544.1764,1548.6967
21-06-2016 12:50,1547.9515,1548.8457,1547.4548,1548.349
21-06-2016 12:55,1548.349,1548.6471,1548.2496,1548.3987
21-06-2016 13:00,1548.8457,1549.3424,1547.8522,1548.349
21-06-2016 13:05,1548.9948,1549.3424,1548.6471,1548.6471
21-06-2016 13:10,1548.6967,1549.2432,1548.6967,1549.2432
21-06-2016 13:15,1549.2432,1549.9385,1548.7463,1549.7894
21-06-2016 13:20,1549.8392,1550.7334,1549.0443,1550.7334
21-06-2016 13:25,1550.7334,1550.7334,1549.0941,1550.7334
21-06-2016 13:30,1549.8392,1550.783,1549.4915,1550.5844
21-06-2016 13:35,1550.5345,1550.5345,1549.7894,1549.8392
21-06-2016 13:40,1549.8392,1550.7334,1549.8392,1550.1869
21-06-2016 13:45,1550.5844,1551.2301,1550.5844,1551.2301
21-06-2016 13:50,1550.7334,1551.3295,1550.7334,1551.3295
21-06-2016 13:55,1551.8262,1551.8262,1549.8392,1550.3856
21-06-2016 14:00,1550.2863,1550.6836,1549.8392,1550.2863
21-06-2016 14:05,1550.4353,1550.783,1550.1373,1550.2863
21-06-2016 14:10,1550.7334,1550.783,1550.2366,1550.2366
21-06-2016 14:15,1550.5844,1551.8262,1549.8392,1551.3792
21-06-2016 14:20,1551.3792,1551.8262,1550.485,1550.8326
21-06-2016 14:25,1550.783,1551.5778,1550.3359,1550.7334
21-06-2016 14:30,1550.783,1550.8326,1550.5844,1550.7334
21-06-2016 14:35,1550.7334,1550.7334,1550.3856,1550.4353
21-06-2016 14:40,1550.4353,1550.783,1548.8457,1549.3922
21-06-2016 14:45,1550.783,1550.783,1547.1071,1549.7894
21-06-2016 14:50,1549.1438,1550.783,1549.0941,1550.5844
21-06-2016 14:55,1549.9385,1550.3856,1548.349,1548.349
21-06-2016 15:00,1549.7894,1550.783,1548.4482,1549.2927
21-06-2016 15:05,1549.2927,1549.6405,1545.8156,1547.5045
21-06-2016 15:10,1547.6536,1548.8457,1544.9711,1548.7463
21-06-2016 15:15,1548.7463,1550.0378,1545.0704,1545.4182
21-06-2016 15:20,1549.7399,1549.8392,1542.6862,1548.8457
21-06-2016 15:25,1548.1503,1549.7894,1545.1201,1548.0509
22-06-2016 09:15,1554.8066,1554.8066,1549.8392,1550.3359
22-06-2016 09:20,1551.8262,1551.8262,1548.8457,1549.7399
22-06-2016 09:25,1549.7399,1549.8392,1548.349,1548.8457
22-06-2016 09:30,1548.8457,1552.9688,1548.8457,1552.9688
22-06-2016 09:35,1552.3229,1553.8131,1550.783,1551.4785
22-06-2016 09:40,1551.8262,1557.7374,1551.1307,1557.7374
22-06-2016 09:45,1557.6877,1557.7871,1554.608,1554.608
22-06-2016 09:50,1555.3033,1556.7936,1550.7334,1552.1243
22-06-2016 09:55,1552.1243,1552.9189,1550.8824,1552.8197
22-06-2016 10:00,1552.8197,1555.2537,1551.1804,1554.2106
22-06-2016 10:05,1553.8131,1554.5085,1552.2236,1554.3596
22-06-2016 10:10,1554.1112,1557.9857,1553.6641,1555.8994
22-06-2016 10:15,1555.8002,1556.7936,1554.3099,1556.1478
22-06-2016 10:20,1556.0485,1557.2904,1554.608,1555.9492
22-06-2016 10:25,1555.8002,1556.7439,1555.3033,1555.3033
22-06-2016 10:30,1555.3033,1555.8002,1552.621,1554.8066
22-06-2016 10:35,1554.8066,1556.6445,1554.5085,1554.5085
22-06-2016 10:40,1554.8066,1555.7008,1554.3099,1555.3033
22-06-2016 10:45,1554.906,1556.0485,1554.8066,1554.8066
22-06-2016 10:50,1554.8066,1555.3033,1553.8131,1555.3033
22-06-2016 10:55,1554.8066,1554.8066,1553.6145,1554.8066
22-06-2016 11:00,1554.8066,1555.2041,1553.3164,1553.3164
22-06-2016 11:05,1554.3596,1555.7008,1553.8131,1554.8066
22-06-2016 11:10,1554.8066,1555.3033,1553.3661,1553.8131
22-06-2016 11:15,1555.3033,1555.6511,1553.8131,1555.6511
22-06-2016 11:20,1553.8131,1555.7008,1553.8131,1554.9557
22-06-2016 11:25,1554.906,1554.9557,1552.8197,1552.8197
22-06-2016 11:30,1554.8066,1554.8066,1553.7634,1554.8066
22-06-2016 11:35,1554.8066,1555.3033,1553.217,1554.8066
22-06-2016 11:40,1554.8066,1555.8002,1554.0615,1555.3033
22-06-2016 11:45,1554.906,1555.6511,1554.8066,1555.6511
22-06-2016 11:50,1554.8563,1554.8563,1552.8197,1554.8563
22-06-2016 11:55,1554.8563,1555.5518,1554.8066,1554.8066
22-06-2016 12:00,1554.8066,1555.4524,1553.217,1554.906
22-06-2016 12:05,1554.906,1555.5021,1554.8066,1554.8066
22-06-2016 12:10,1555.0551,1555.0551,1554.459,1554.5085
22-06-2016 12:15,1554.5085,1555.7008,1552.8197,1554.8066
22-06-2016 12:20,1554.8066,1555.2537,1554.8066,1554.8563
22-06-2016 12:25,1554.8563,1555.6511,1552.6707,1554.8066
22-06-2016 12:30,1554.8066,1555.6511,1554.5582,1554.8066
22-06-2016 12:35,1555.7504,1555.7504,1554.0118,1554.8563
22-06-2016 12:40,1554.8066,1555.7504,1553.217,1554.8066
22-06-2016 12:45,1554.8066,1555.6511,1553.6641,1554.8066
22-06-2016 12:50,1552.8197,1555.5021,1552.8197,1554.9557
22-06-2016 12:55,1555.0052,1555.0551,1552.3229,1554.3099
22-06-2016 13:00,1551.9255,1555.4524,1551.9255,1554.8563
22-06-2016 13:05,1552.7699,1555.3033,1552.5713,1554.8066
22-06-2016 13:10,1554.8066,1555.3033,1552.7699,1552.8694
22-06-2016 13:15,1554.8066,1554.8066,1552.621,1554.8066
22-06-2016 13:20,1554.8563,1555.3033,1554.8066,1554.8066
22-06-2016 13:25,1555.8002,1560.8173,1554.608,1559.2773
22-06-2016 13:30,1559.8237,1559.8237,1556.2969,1557.7871
22-06-2016 13:35,1557.7871,1558.6813,1555.8002,1557.9857
22-06-2016 13:40,1557.9857,1558.0852,1553.2667,1555.9492
22-06-2016 13:45,1555.3033,1556.5453,1551.9255,1552.9189
22-06-2016 13:50,1556.2969,1557.6877,1552.4222,1555.8994
22-06-2016 13:55,1556.2969,1558.1846,1554.2601,1557.2904
22-06-2016 14:00,1556.7936,1556.7936,1552.4222,1555.3033
22-06-2016 14:05,1555.3033,1556.2969,1555.3033,1555.7008
22-06-2016 14:10,1555.7008,1555.8002,1552.9189,1552.9189
22-06-2016 14:15,1555.3531,1556.6943,1553.8131,1556.6943
22-06-2016 14:20,1556.6943,1556.7936,1554.757,1555.9492
22-06-2016 14:25,1556.7936,1557.6877,1555.8002,1555.8499
22-06-2016 14:30,1556.7936,1558.4329,1553.515,1557.8865
22-06-2016 14:35,1557.8865,1557.8865,1553.5648,1553.5648
22-06-2016 14:40,1557.7871,1557.8865,1552.1243,1557.8865
22-06-2016 14:45,1557.8865,1558.7308,1552.7203,1552.7203
22-06-2016 14:50,1552.7203,1559.1283,1552.7203,1559.1283
22-06-2016 14:55,1559.1283,1559.7244,1553.9622,1558.7806
22-06-2016 15:00,1558.7806,1560.2708,1555.5518,1560.0721
22-06-2016 15:05,1560.0721,1560.6682,1555.8002,1560.4198
22-06-2016 15:10,1560.4198,1564.7415,1555.7008,1560.7178
22-06-2016 15:15,1560.5192,1561.3636,1554.7073,1560.0225
22-06-2016 15:20,1560.2211,1561.7113,1555.0551,1555.1047
22-06-2016 15:25,1560.2708,1563.748,1550.0875,1557.7871
23-06-2016 09:15,1560.7676,1560.7676,1556.6943,1557.7871
23-06-2016 09:20,1557.7871,1560.7178,1557.7871,1559.178
23-06-2016 09:25,1560.5688,1566.7285,1559.774,1564.7415
23-06-2016 09:30,1565.4866,1565.735,1561.4629,1562.8539
23-06-2016 09:35,1562.8539,1563.5493,1558.7806,1560.2708
23-06-2016 09:40,1560.3206,1561.3636,1558.7806,1558.7806
23-06-2016 09:45,1559.3767,1559.774,1558.7806,1558.7806
23-06-2016 09:50,1558.8303,1559.5754,1558.6813,1558.9792
23-06-2016 09:55,1558.9792,1560.5192,1558.1348,1560.5192
23-06-2016 10:00,1560.0721,1560.0721,1555.8002,1558.4329
23-06-2016 10:05,1558.4329,1559.6747,1556.2969,1558.7806
23-06-2016 10:10,1559.0289,1559.178,1557.2904,1558.7806
23-06-2016 10:15,1558.8303,1559.5258,1558.7806,1558.8303
23-06-2016 10:20,1558.8303,1559.8237,1558.0852,1559.0787
23-06-2016 10:25,1558.8799,1559.0787,1558.2838,1558.7806
23-06-2016 10:30,1558.7806,1558.9297,1558.7806,1558.7806
23-06-2016 10:35,1558.7806,1559.774,1557.8865,1557.8865
23-06-2016 10:40,1558.8303,1559.5754,1556.8929,1557.2904
23-06-2016 10:45,1556.2969,1558.7806,1556.2969,1558.7806
23-06-2016 10:50,1558.7806,1559.178,1557.8865,1559.178
23-06-2016 10:55,1558.8799,1559.2773,1558.4825,1559.0787
23-06-2016 11:00,1559.0787,1559.8237,1557.2406,1559.774
23-06-2016 11:05,1559.774,1561.1649,1558.3832,1559.774
23-06-2016 11:10,1559.774,1559.774,1557.2904,1559.774
23-06-2016 11:15,1559.2773,1562.1584,1559.1283,1561.761
23-06-2016 11:20,1562.1584,1562.1584,1560.8173,1561.8108
23-06-2016 11:25,1561.8108,1562.7545,1560.8668,1560.8668
23-06-2016 11:30,1561.761,1561.761,1558.7806,1559.774
23-06-2016 11:35,1559.8237,1560.2708,1558.2341,1559.774
23-06-2016 11:40,1560.0225,1560.0225,1559.0289,1559.476
23-06-2016 11:45,1560.2708,1561.8604,1559.774,1561.8604
23-06-2016 11:50,1560.2708,1562.0591,1560.2708,1561.761
23-06-2016 11:55,1560.2708,1562.1088,1559.774,1561.761
23-06-2016 12:00,1561.8108,1562.1584,1561.2643,1561.761
23-06-2016 12:05,1561.2643,1563.748,1561.2643,1563.4003
23-06-2016 12:10,1563.748,1569.4606,1562.7545,1569.262
23-06-2016 12:15,1569.4606,1569.6096,1565.735,1566.7782
23-06-2016 12:20,1566.6787,1567.6722,1565.2383,1565.2383
23-06-2016 12:25,1565.3375,1566.3311,1563.9963,1565.5859
23-06-2016 12:30,1565.5859,1566.2815,1563.748,1564.7913
23-06-2016 12:35,1564.6422,1567.2749,1564.4932,1564.4932
23-06-2016 12:40,1564.4932,1565.4369,1563.748,1564.8408
23-06-2016 12:45,1564.7415,1564.7415,1563.8473,1564.4434
23-06-2016 12:50,1564.4434,1565.735,1563.748,1563.8473
23-06-2016 12:55,1563.7977,1564.7415,1563.599,1564.7415
23-06-2016 13:00,1564.7415,1564.7415,1561.761,1561.761
23-06-2016 13:05,1562.0094,1564.7415,1562.0094,1563.748
23-06-2016 13:10,1563.748,1564.0461,1562.6055,1563.2015
23-06-2016 13:15,1563.6982,1564.0461,1562.9531,1562.9531
23-06-2016 13:20,1562.6552,1563.1022,1561.761,1561.761
23-06-2016 13:25,1561.9597,1562.208,1561.761,1561.761
23-06-2016 13:30,1561.9597,1562.9036,1561.8108,1562.6055
23-06-2016 13:35,1561.8108,1562.8539,1561.761,1561.761
23-06-2016 13:40,1562.208,1562.3571,1560.7676,1561.3636
23-06-2016 13:45,1561.3636,1562.2578,1560.8668,1562.0591
23-06-2016 13:50,1562.5559,1564.6918,1562.2578,1563.9963
23-06-2016 13:55,1563.9467,1564.5428,1562.9036,1563.2512
23-06-2016 14:00,1563.7977,1565.7847,1562.7545,1564.0957
23-06-2016 14:05,1564.1454,1569.5103,1564.1454,1566.7782
23-06-2016 14:10,1566.2815,1568.3678,1565.735,1566.0826
23-06-2016 14:15,1566.4801,1567.7219,1563.5493,1564.7415
23-06-2016 14:20,1564.7415,1566.9271,1564.7415,1566.3807
23-06-2016 14:25,1566.3807,1569.3612,1564.9402,1569.3612
23-06-2016 14:30,1569.3612,1569.3612,1565.735,1566.3807
23-06-2016 14:35,1566.3807,1566.5298,1563.6487,1563.7977
23-06-2016 14:40,1564.6918,1566.7285,1563.8971,1565.5364
23-06-2016 14:45,1567.6227,1567.7717,1565.4369,1566.9768
23-06-2016 14:50,1566.9768,1567.7219,1566.7285,1567.5729
23-06-2016 14:55,1567.3743,1567.6722,1563.748,1564.6918
23-06-2016 15:00,1564.7415,1566.7285,1564.1454,1566.7285
23-06-2016 15:05,1567.2252,1567.2252,1561.5127,1561.5127
23-06-2016 15:10,1563.2512,1566.4801,1561.5624,1563.4003
23-06-2016 15:15,1563.4003,1567.1259,1559.178,1559.178
23-06-2016 15:20,1559.7244,1566.5795,1558.6813,1559.774
23-06-2016 15:25,1562.8539,1566.6787,1557.7871,1564.7415
24-06-2016 09:15,1533.2976,1543.2325,1527.7838,1539.9043
24-06-2016 09:20,1540.9972,1548.0509,1538.4639,1543.4313
24-06-2016 09:25,1543.6797,1546.8588,1539.9043,1544.2758
24-06-2016 09:30,1543.2325,1546.3619,1534.9369,1541.8914
24-06-2016 09:35,1541.8914,1544.9711,1540.6992,1543.8783
24-06-2016 09:40,1543.8783,1543.8783,1534.3904,1534.3904
24-06-2016 09:45,1533.9434,1536.129,1531.9564,1534.7383
24-06-2016 09:50,1534.6388,1536.9238,1531.0623,1532.2048
24-06-2016 09:55,1531.4597,1533.5957,1525.1013,1530.5656
24-06-2016 10:00,1528.6779,1531.3604,1526.7904,1527.7838
24-06-2016 10:05,1526.989,1529.9695,1523.6111,1529.9695
24-06-2016 10:10,1529.423,1529.9695,1525.0518,1525.7969
24-06-2016 10:15,1526.542,1530.2676,1525.1013,1527.1876
24-06-2016 10:20,1526.2936,1529.9695,1526.2936,1529.5225
24-06-2016 10:25,1529.5225,1529.5225,1521.3262,1521.4751
24-06-2016 10:30,1522.1707,1523.6111,1520.0345,1523.015
24-06-2016 10:35,1522.1208,1526.6414,1520.0844,1524.5052
24-06-2016 10:40,1523.7104,1528.0818,1522.866,1527.9327
24-06-2016 10:45,1527.6844,1527.9825,1525.1013,1526.7904
24-06-2016 10:50,1526.7406,1527.9825,1526.4425,1527.6844
24-06-2016 10:55,1527.8335,1528.976,1525.1511,1525.5485
24-06-2016 11:00,1525.1511,1526.2936,1521.5248,1526.2936
24-06-2016 11:05,1525.0518,1525.9955,1524.9523,1525.4988
24-06-2016 11:10,1525.0518,1525.9955,1524.0582,1524.257
24-06-2016 11:15,1523.7104,1523.7104,1520.5314,1521.4255
24-06-2016 11:20,1522.6177,1523.015,1520.5314,1521.1274
24-06-2016 11:25,1521.2765,1521.9718,1520.0345,1520.0345
24-06-2016 11:30,1520.0844,1521.1274,1518.9913,1520.3823
24-06-2016 11:35,1520.0844,1522.0713,1518.0476,1520.9784
24-06-2016 11:40,1520.5314,1521.9718,1520.0345,1520.1836
24-06-2016 11:45,1520.0844,1521.8229,1519.9353,1520.6306
24-06-2016 11:50,1520.6804,1522.0216,1520.1339,1521.1771
24-06-2016 11:55,1521.1274,1522.3197,1520.1339,1521.2765
24-06-2016 12:00,1521.2765,1523.0648,1520.5811,1521.1274
24-06-2016 12:05,1521.1274,1521.8229,1520.1339,1520.5314
24-06-2016 12:10,1520.432,1521.2267,1516.011,1517.1534
24-06-2016 12:15,1517.1534,1518.0476,1516.5077,1516.8555
24-06-2016 12:20,1517.4019,1518.0476,1515.6136,1516.2593
24-06-2016 12:25,1516.8058,1517.8986,1516.0607,1516.1104
24-06-2016 12:30,1516.1104,1519.0411,1511.739,1516.5077
24-06-2016 12:35,1515.9116,1522.0216,1515.3156,1520.6306
24-06-2016 12:40,1520.5811,1528.0322,1520.5811,1526.5916
24-06-2016 12:45,1526.4923,1527.9825,1523.2634,1527.9825
24-06-2016 12:50,1528.3302,1528.6779,1524.3066,1527.1876
24-06-2016 12:55,1526.989,1527.9825,1523.6609,1524.6543
24-06-2016 13:00,1524.5052,1528.8767,1524.0085,1527.9825
24-06-2016 13:05,1526.8896,1534.9369,1526.8896,1532.9996
24-06-2016 13:10,1533.0492,1534.9369,1531.9564,1532.8009
24-06-2016 13:15,1533.9932,1537.6689,1533.0492,1536.5265
24-06-2016 13:20,1538.0664,1544.0273,1537.9174,1543.8783
24-06-2016 13:25,1543.8783,1543.8783,1539.7552,1543.7292
24-06-2016 13:30,1543.8286,1554.3596,1541.9906,1550.4353
24-06-2016 13:35,1549.9385,1551.4287,1542.6365,1544.4248
24-06-2016 13:40,1545.5671,1547.1071,1541.1959,1541.9906
24-06-2016 13:45,1543.5306,1545.9149,1540.7488,1541.5933
24-06-2016 13:50,1542.7855,1542.8848,1536.7252,1541.8416
24-06-2016 13:55,1540.4011,1545.0704,1539.9541,1543.8783
24-06-2016 14:00,1543.8783,1545.4182,1540.5502,1541.6926
24-06-2016 14:05,1541.792,1551.7765,1540.2521,1551.7765
24-06-2016 14:10,1551.0314,1556.0983,1550.8326,1555.0052
24-06-2016 14:15,1554.9557,1559.7244,1554.8066,1555.2537
24-06-2016 14:20,1556.6445,1556.6445,1549.1438,1549.1438
24-06-2016 14:25,1551.1804,1553.4158,1549.1438,1549.1934
24-06-2016 14:30,1549.1934,1554.8066,1544.8718,1552.8694
24-06-2016 14:35,1552.8694,1554.8066,1551.1307,1551.8262
24-06-2016 14:40,1551.8262,1553.7634,1543.2325,1545.9149
24-06-2016 14:45,1545.9149,1551.0314,1545.0704,1547.0574
24-06-2016 14:50,1547.0574,1548.8457,1542.1895,1545.9646
24-06-2016 14:55,1546.0143,1548.2992,1544.375,1545.9646
24-06-2016 15:00,1546.0143,1549.8392,1545.9646,1548.349
24-06-2016 15:05,1547.8522,1555.1047,1547.8025,1555.0551
24-06-2016 15:10,1554.8563,1557.7374,1552.8197,1552.8197
24-06-2016 15:15,1552.4719,1554.608,1546.1633,1552.5216
24-06-2016 15:20,1553.1178,1559.9727,1547.8522,1555.8994
24-06-2016 15:25,1555.8002,1565.6853,1550.8824,1552.9189
27-06-2016 09:15,1554.8066,1564.4932,1554.8066,1559.1283
27-06-2016 09:20,1560.7676,1562.7545,1555.3531,1561.6617
27-06-2016 09:25,1560.9166,1563.748,1560.2708,1562.1584
27-06-2016 09:30,1561.8108,1564.2448,1561.761,1564.1454
27-06-2016 09:35,1563.748,1576.7627,1563.0526,1572.0436
27-06-2016 09:40,1572.3914,1595.4899,1572.3914,1594.5461
27-06-2016 09:45,1593.0061,1594.0991,1584.2635,1584.6112
27-06-2016 09:50,1585.0582,1585.6047,1581.6307,1585.5054
27-06-2016 09:55,1585.0087,1585.5551,1581.4321,1583.717
27-06-2016 10:00,1582.6243,1584.6112,1582.6243,1583.568
27-06-2016 10:05,1584.0151,1584.6112,1582.6243,1582.6243
27-06-2016 10:10,1584.6112,1586.1014,1582.6243,1586.1014
27-06-2016 10:15,1586.1014,1591.4166,1586.0022,1590.5721
27-06-2016 10:20,1590.9696,1590.9696,1584.1642,1586.5983
27-06-2016 10:25,1587.095,1587.542,1583.6178,1586.0518
27-06-2016 10:30,1586.0022,1587.5917,1585.108,1585.9028
27-06-2016 10:35,1586.3995,1587.5917,1584.6112,1586.3499
27-06-2016 10:40,1587.542,1588.5354,1585.5551,1586.7473
27-06-2016 10:45,1586.4492,1588.3368,1586.3995,1587.4923
27-06-2016 10:50,1587.7407,1588.5354,1586.4492,1587.1447
27-06-2016 10:55,1588.5354,1589.4794,1586.1512,1588.5852
27-06-2016 11:00,1588.1382,1589.4794,1586.6479,1588.0884
27-06-2016 11:05,1589.0819,1589.0819,1584.9093,1586.8964
27-06-2016 11:10,1586.4989,1586.6975,1584.6112,1586.6975
27-06-2016 11:15,1587.5917,1588.5852,1587.1447,1587.7903
27-06-2016 11:20,1587.6414,1589.5786,1587.5917,1587.5917
27-06-2016 11:25,1588.1877,1589.4794,1585.6047,1588.5852
27-06-2016 11:30,1588.5852,1588.6349,1584.959,1587.0453
27-06-2016 11:35,1586.9956,1589.6284,1585.8033,1589.6284
27-06-2016 11:40,1589.9761,1590.4728,1588.0884,1589.0819
27-06-2016 11:45,1588.6844,1593.5526,1587.6414,1587.8401
27-06-2016 11:50,1587.7903,1593.0061,1586.8964,1592.0624
27-06-2016 11:55,1591.6649,1593.354,1587.5917,1590.7212
27-06-2016 12:00,1590.6715,1591.2676,1588.5852,1589.2805
27-06-2016 12:05,1589.3303,1591.8638,1588.7838,1590.4231
27-06-2016 12:10,1590.2245,1591.5657,1589.38,1591.1187
27-06-2016 12:15,1590.1747,1590.4231,1587.5917,1587.5917
27-06-2016 12:20,1587.5917,1588.0884,1585.6544,1587.244
27-06-2016 12:25,1587.244,1591.5657,1586.3499,1590.3735
27-06-2016 12:30,1590.1251,1591.5159,1586.5983,1589.5786
27-06-2016 12:35,1588.2871,1596.9801,1588.1877,1594.9932
27-06-2016 12:40,1594.5461,1597.0796,1592.5094,1597.0796
27-06-2016 12:45,1597.1292,1599.4639,1595.2415,1597.7749
27-06-2016 12:50,1597.5763,1600.5071,1596.0861,1599.5135
27-06-2016 12:55,1599.5135,1603.0404,1598.7684,1599.9606
27-06-2016 13:00,1599.9606,1603.0404,1598.0233,1599.0168
27-06-2016 13:05,1599.0168,1600.9541,1597.4768,1599.5135
27-06-2016 13:10,1599.5135,1600.5071,1598.1724,1599.5632
27-06-2016 13:15,1599.6129,1600.3083,1595.5396,1597.5763
27-06-2016 13:20,1597.8743,1599.5135,1597.5266,1597.7749
27-06-2016 13:25,1597.7749,1599.0665,1597.2285,1599.0665
27-06-2016 13:30,1599.4639,1600.209,1597.4768,1598.6194
27-06-2016 13:35,1598.5698,1598.9175,1595.5396,1597.3279
27-06-2016 13:40,1597.1788,1597.2285,1592.5094,1594.5958
27-06-2016 13:45,1594.248,1594.5958,1590.1747,1590.9696
27-06-2016 13:50,1590.5721,1592.4598,1589.5786,1590.7708
27-06-2016 13:55,1590.7708,1591.4663,1586.7969,1590.6715
27-06-2016 14:00,1591.4663,1592.4598,1587.542,1589.3303
27-06-2016 14:05,1588.1877,1591.4663,1584.6112,1588.8335
27-06-2016 14:10,1589.0322,1594.4468,1588.4362,1594.4468
27-06-2016 14:15,1594.1487,1597.8247,1592.5591,1593.9501
27-06-2016 14:20,1593.205,1596.8807,1593.205,1594.5461
27-06-2016 14:25,1593.652,1594.5461,1592.5591,1594.248
27-06-2016 14:30,1593.205,1597.4768,1592.1617,1593.205
27-06-2016 14:35,1592.6584,1596.384,1592.0127,1595.0925
27-06-2016 14:40,1593.4036,1598.4703,1593.4036,1598.0233
27-06-2016 14:45,1596.9801,1598.52,1595.2415,1596.0861
27-06-2016 14:50,1596.4834,1596.5331,1592.5094,1596.5331
27-06-2016 14:55,1595.1919,1596.5331,1591.5657,1594.5461
27-06-2016 15:00,1594.4963,1594.5461,1590.5721,1590.8206
27-06-2016 15:05,1590.8206,1594.4468,1590.5721,1591.4663
27-06-2016 15:10,1592.5591,1593.3042,1589.7277,1592.5591
27-06-2016 15:15,1592.5591,1592.5591,1587.2936,1589.5786
27-06-2016 15:20,1590.9198,1590.9198,1584.959,1589.5786
27-06-2016 15:25,1589.5289,1599.5135,1587.5917,1590.2245
28-06-2016 09:15,1597.5266,1601.4508,1594.5461,1595.5894
28-06-2016 09:20,1594.5958,1596.8312,1589.7773,1590.0256
28-06-2016 09:25,1589.6284,1594.7944,1588.6844,1589.4794
28-06-2016 09:30,1590.1251,1592.7578,1588.6844,1592.5591
28-06-2016 09:35,1593.5526,1593.5526,1590.2245,1591.1682
28-06-2016 09:40,1591.1682,1591.5657,1589.5786,1589.5786
28-06-2016 09:45,1589.5786,1589.5786,1584.0648,1584.661
28-06-2016 09:50,1584.661,1586.1014,1583.6178,1584.6112
28-06-2016 09:55,1584.2139,1585.3066,1583.6178,1583.6675
28-06-2016 10:00,1584.1642,1585.6047,1583.27,1584.4622
28-06-2016 10:05,1584.1642,1586.5983,1583.9159,1586.3002
28-06-2016 10:10,1586.4989,1588.7838,1586.4989,1586.6479
28-06-2016 10:15,1586.5983,1587.095,1583.6178,1584.512
28-06-2016 10:20,1584.6112,1585.9028,1584.1642,1584.1642
28-06-2016 10:25,1584.1145,1585.2073,1583.6675,1584.1642
28-06-2016 10:30,1584.1642,1588.5852,1583.6178,1586.8964
28-06-2016 10:35,1586.8964,1587.9393,1584.3629,1584.3629
28-06-2016 10:40,1584.4622,1585.7041,1584.3131,1585.4061
28-06-2016 10:45,1585.4061,1587.244,1584.4126,1585.8531
28-06-2016 10:50,1585.9524,1585.9524,1584.4622,1584.661
28-06-2016 10:55,1583.6178,1584.7603,1583.6178,1584.4622
28-06-2016 11:00,1584.661,1585.6047,1583.6675,1584.8596
28-06-2016 11:05,1584.8596,1584.8596,1581.7301,1582.3262
28-06-2016 11:10,1582.3262,1583.0217,1581.6307,1581.9785
28-06-2016 11:15,1581.9785,1582.6243,1581.7301,1582.2766
28-06-2016 11:20,1582.3759,1583.0713,1580.6373,1582.2268
28-06-2016 11:25,1582.2268,1582.5249,1581.3824,1582.2766
28-06-2016 11:30,1582.2766,1582.2766,1579.6438,1580.985
28-06-2016 11:35,1580.8856,1581.6805,1579.6438,1579.6438
28-06-2016 11:40,1579.3457,1580.538,1578.6503,1580.1405
28-06-2016 11:45,1580.1405,1580.6373,1578.7496,1580.5875
28-06-2016 11:50,1578.6006,1580.3392,1578.6006,1579.5941
28-06-2016 11:55,1579.1968,1581.5315,1578.849,1580.538
28-06-2016 12:00,1580.4386,1580.985,1577.6569,1578.5012
28-06-2016 12:05,1578.5012,1579.6438,1577.3588,1577.3588
28-06-2016 12:10,1577.4581,1579.2961,1577.4084,1578.3026
28-06-2016 12:15,1577.8059,1579.1471,1576.7627,1578.402
28-06-2016 12:20,1578.402,1581.6307,1578.2529,1581.6307
28-06-2016 12:25,1580.8856,1582.6243,1579.8922,1580.3392
28-06-2016 12:30,1580.9354,1582.6243,1579.0973,1581.7798
28-06-2016 12:35,1582.5249,1585.9028,1581.7798,1584.6112
28-06-2016 12:40,1584.661,1588.5852,1583.4191,1588.0884
28-06-2016 12:45,1588.0884,1588.5852,1585.4061,1586.1014
28-06-2016 12:50,1585.5054,1586.5983,1584.8596,1586.2505
28-06-2016 12:55,1586.2505,1586.3995,1583.6178,1584.6112
28-06-2016 13:00,1584.6112,1586.9459,1583.9655,1585.0087
28-06-2016 13:05,1585.4061,1586.1014,1582.6243,1585.2073
28-06-2016 13:10,1585.1577,1585.5551,1581.9288,1581.9785
28-06-2016 13:15,1582.0282,1585.0087,1581.6307,1582.8229
28-06-2016 13:20,1583.6675,1584.0151,1581.6307,1583.568
28-06-2016 13:25,1582.8229,1584.0151,1582.5249,1582.6243
28-06-2016 13:30,1582.8229,1584.3629,1580.9354,1580.9354
28-06-2016 13:35,1581.5315,1585.3066,1580.7864,1581.7798
28-06-2016 13:40,1582.2766,1582.2766,1579.6438,1579.6438
28-06-2016 13:45,1579.6438,1580.0413,1574.6764,1576.8124
28-06-2016 13:50,1577.6569,1579.0973,1576.0176,1578.3026
28-06-2016 13:55,1579.4948,1580.0908,1577.7065,1579.6438
28-06-2016 14:00,1579.6438,1581.6805,1579.6438,1581.2334
28-06-2016 14:05,1580.2896,1581.0844,1578.7001,1579.1968
28-06-2016 14:10,1578.8987,1582.2268,1575.9182,1577.2098
28-06-2016 14:15,1578.1039,1579.6438,1576.6633,1577.0608
28-06-2016 14:20,1577.5078,1579.5444,1575.9182,1577.4084
28-06-2016 14:25,1577.5078,1579.5444,1574.875,1579.0477
28-06-2016 14:30,1579.0477,1587.5917,1578.7001,1581.1837
28-06-2016 14:35,1582.6243,1583.6178,1580.985,1583.5184
28-06-2016 14:40,1581.6805,1588.5852,1581.6307,1585.3066
28-06-2016 14:45,1585.6544,1587.9891,1582.6243,1584.661
28-06-2016 14:50,1584.661,1586.4492,1583.4688,1585.6047
28-06-2016 14:55,1585.9028,1587.2936,1582.674,1587.2936
28-06-2016 15:00,1586.5485,1589.1813,1586.2008,1586.8466
28-06-2016 15:05,1587.3434,1589.5786,1586.6975,1587.542
28-06-2016 15:10,1587.542,1589.5289,1586.1512,1587.244
28-06-2016 15:15,1587.244,1594.5461,1587.1943,1592.7578
28-06-2016 15:20,1593.5526,1594.5461,1584.6112,1586.1014
28-06-2016 15:25,1584.9093,1592.7578,1583.6675,1589.0819
29-06-2016 09:15,1599.5135,1600.5071,1588.1877,1589.9761
29-06-2016 09:20,1589.9761,1591.8638,1589.3303,1590.1251
29-06-2016 09:25,1588.8833,1590.5721,1588.8833,1590.0754
29-06-2016 09:30,1589.9761,1590.0754,1584.6112,1584.6112
29-06-2016 09:35,1585.0582,1585.108,1581.2831,1583.6178
29-06-2016 09:40,1583.6178,1588.5852,1582.7236,1586.6479
29-06-2016 09:45,1585.7041,1588.4858,1585.7041,1587.5917
29-06-2016 09:50,1587.4426,1588.4858,1586.2008,1586.3499
29-06-2016 09:55,1587.4426,1592.0127,1585.9524,1590.5225
29-06-2016 10:00,1589.5786,1592.4598,1588.4858,1590.5721
29-06-2016 10:05,1590.274,1601.5005,1588.9329,1601.1528
29-06-2016 10:10,1600.1096,1601.4508,1596.1356,1600.2587
29-06-2016 10:15,1599.5135,1604.4313,1597.9736,1600.5071
29-06-2016 10:20,1601.1031,1601.2024,1596.0364,1596.5331
29-06-2016 10:25,1596.7815,1599.4142,1595.5396,1598.1227
29-06-2016 10:30,1597.6259,1597.6259,1595.0925,1596.5331
29-06-2016 10:35,1596.5331,1596.5331,1595.5396,1595.7383
29-06-2016 10:40,1595.5894,1596.6821,1592.9565,1595.3409
29-06-2016 10:45,1595.3409,1595.3905,1592.5591,1592.8572
29-06-2016 10:50,1595.0428,1595.937,1591.7643,1595.3409
29-06-2016 10:55,1595.3409,1595.5396,1591.5657,1594.248
29-06-2016 11:00,1594.0493,1597.4768,1592.41,1593.7512
29-06-2016 11:05,1596.6821,1597.4768,1593.7512,1594.5958
29-06-2016 11:10,1594.5461,1595.4899,1591.8638,1594.5461
29-06-2016 11:15,1594.5461,1594.8442,1590.5721,1593.0559
29-06-2016 11:20,1593.0559,1594.0991,1589.5786,1593.4036
29-06-2016 11:25,1593.5526,1594.4468,1590.6715,1593.652
29-06-2016 11:30,1593.6023,1594.4963,1589.5786,1590.0754
29-06-2016 11:35,1591.7643,1593.0559,1589.5786,1592.1121
29-06-2016 11:40,1591.5657,1592.5094,1589.7277,1591.9133
29-06-2016 11:45,1591.9133,1594.0493,1589.7773,1592.2114
29-06-2016 11:50,1592.2114,1592.7578,1589.7773,1591.5657
29-06-2016 11:55,1592.261,1594.4963,1590.1251,1594.4468
29-06-2016 12:00,1594.4468,1594.4963,1591.814,1593.9996
29-06-2016 12:05,1593.9996,1594.5461,1592.3108,1593.5029
29-06-2016 12:10,1593.5029,1593.5526,1592.1121,1593.5526
29-06-2016 12:15,1593.5526,1594.4963,1592.0624,1593.7512
29-06-2016 12:20,1593.652,1594.5461,1591.0192,1591.0192
29-06-2016 12:25,1590.9198,1592.41,1588.7343,1591.5657
29-06-2016 12:30,1591.5657,1591.7147,1591.3173,1591.5657
29-06-2016 12:35,1591.5657,1593.5526,1589.6284,1590.8206
29-06-2016 12:40,1590.7708,1591.3669,1586.5485,1588.6844
29-06-2016 12:45,1588.5852,1590.9696,1587.3931,1588.7343
29-06-2016 12:50,1588.7343,1589.4794,1586.5983,1588.7838
29-06-2016 12:55,1588.8335,1589.4296,1584.7106,1585.4557
29-06-2016 13:00,1585.6047,1587.0453,1583.121,1584.512
29-06-2016 13:05,1583.7668,1584.512,1582.1772,1583.6178
29-06-2016 13:10,1583.6675,1586.2505,1581.7798,1582.8727
29-06-2016 13:15,1582.8229,1588.9825,1582.7236,1588.9825
29-06-2016 13:20,1587.4923,1590.5721,1585.3563,1588.6844
29-06-2016 13:25,1588.8335,1591.0192,1587.1943,1588.1877
29-06-2016 13:30,1588.6844,1590.0754,1588.5852,1588.9825
29-06-2016 13:35,1588.9825,1591.2676,1587.542,1588.6844
29-06-2016 13:40,1588.6844,1588.7838,1584.4126,1584.8596
29-06-2016 13:45,1584.4126,1585.6544,1583.3694,1584.6112
29-06-2016 13:50,1584.1642,1587.095,1583.1708,1585.9524
29-06-2016 13:55,1586.5983,1586.6479,1584.4622,1586.0518
29-06-2016 14:00,1586.5983,1587.5917,1584.6112,1586.1014
29-06-2016 14:05,1586.0022,1586.0022,1582.6243,1583.6675
29-06-2016 14:10,1583.6178,1586.3995,1581.9288,1585.8531
29-06-2016 14:15,1586.5983,1588.5852,1585.6047,1585.6047
29-06-2016 14:20,1585.2571,1587.9891,1582.3262,1586.5983
29-06-2016 14:25,1585.8033,1587.5917,1583.6178,1586.3002
29-06-2016 14:30,1587.0453,1587.8898,1586.0518,1587.095
29-06-2016 14:35,1586.6975,1587.5917,1585.6047,1587.5917
29-06-2016 14:40,1586.1014,1587.5917,1585.9028,1587.5917
29-06-2016 14:45,1587.542,1587.5917,1585.8531,1586.8964
29-06-2016 14:50,1586.8466,1587.5917,1586.3002,1587.095
29-06-2016 14:55,1586.7969,1587.8401,1585.9524,1587.5917
29-06-2016 15:00,1587.5917,1590.5721,1586.6975,1589.5786
29-06-2016 15:05,1589.7277,1589.7277,1584.1145,1588.5852
29-06-2016 15:10,1589.0819,1589.0819,1582.7733,1586.5983
29-06-2016 15:15,1586.5983,1589.2805,1584.6112,1588.1382
29-06-2016 15:20,1589.4794,1593.354,1587.542,1590.3237
29-06-2016 15:25,1588.5852,1592.5591,1586.6479,1591.0688
30-06-2016 09:15,1594.9435,1596.5331,1589.5786,1589.5786
30-06-2016 09:20,1589.5786,1596.9801,1589.5786,1596.5331
30-06-2016 09:25,1595.8376,1598.52,1595.5396,1596.9801
30-06-2016 09:30,1596.9801,1597.5266,1595.6886,1596.5331
30-06-2016 09:35,1596.5331,1597.924,1594.248,1594.6454
30-06-2016 09:40,1595.5396,1595.5396,1593.354,1593.5526
30-06-2016 09:45,1593.7017,1594.5461,1589.827,1590.274
30-06-2016 09:50,1590.274,1594.8442,1589.678,1594.5461
30-06-2016 09:55,1594.9435,1596.8312,1594.5461,1595.6886
30-06-2016 10:00,1595.3409,1595.9866,1594.5461,1595.9866
30-06-2016 10:05,1594.9435,1595.9866,1593.354,1595.9866
30-06-2016 10:10,1596.235,1596.6324,1594.7944,1595.5396
30-06-2016 10:15,1595.5396,1596.4834,1594.8938,1595.4899
30-06-2016 10:20,1595.4899,1596.3345,1594.5461,1595.6389
30-06-2016 10:25,1595.5894,1596.7815,1594.9932,1596.5331
30-06-2016 10:30,1596.5331,1600.4573,1595.6389,1599.8612
30-06-2016 10:35,1600.3083,1600.3083,1595.7383,1597.8743
30-06-2016 10:40,1597.9736,1597.9736,1594.5461,1595.8376
30-06-2016 10:45,1595.8873,1597.4768,1593.5526,1595.5396
30-06-2016 10:50,1595.9866,1595.9866,1591.7147,1593.5526
30-06-2016 10:55,1592.6584,1594.1487,1591.7147,1592.0624
30-06-2016 11:00,1591.814,1592.7081,1590.6218,1591.963
30-06-2016 11:05,1592.5591,1593.7017,1592.5591,1592.7081
30-06-2016 11:10,1592.7081,1595.937,1592.7081,1594.4963
30-06-2016 11:15,1594.4963,1594.4963,1591.814,1591.814
30-06-2016 11:20,1592.5591,1592.7081,1591.6649,1592.5591
30-06-2016 11:25,1592.7578,1594.5461,1592.7578,1593.4532
30-06-2016 11:30,1593.354,1593.354,1591.5159,1592.0127
30-06-2016 11:35,1592.6584,1592.6584,1591.9133,1592.5094
30-06-2016 11:40,1592.1121,1592.261,1591.1187,1591.1187
30-06-2016 11:45,1591.0688,1591.0688,1584.7603,1586.1512
30-06-2016 11:50,1586.1512,1589.0322,1586.1014,1587.3434
30-06-2016 11:55,1586.8466,1590.8702,1586.8466,1590.8702
30-06-2016 12:00,1590.3735,1593.1552,1590.0754,1591.5657
30-06-2016 12:05,1591.8638,1591.8638,1587.2936,1587.9891
30-06-2016 12:10,1588.3368,1591.5657,1588.1382,1590.7708
30-06-2016 12:15,1590.9696,1592.5591,1590.8206,1591.4166
30-06-2016 12:20,1590.8702,1591.5657,1590.5721,1591.3669
30-06-2016 12:25,1591.3669,1592.6584,1589.5786,1589.5786
30-06-2016 12:30,1589.2805,1589.5786,1587.5917,1587.5917
30-06-2016 12:35,1587.7903,1588.5852,1586.1014,1588.5852
30-06-2016 12:40,1588.4858,1588.5852,1586.6479,1586.9956
30-06-2016 12:45,1587.4923,1588.0884,1586.3499,1588.0387
30-06-2016 12:50,1588.0387,1589.2805,1585.9524,1585.9524
30-06-2016 12:55,1586.5485,1588.5852,1586.5485,1588.3865
30-06-2016 13:00,1588.3865,1588.4362,1586.8466,1587.8898
30-06-2016 13:05,1587.8898,1588.5852,1586.1512,1588.5852
30-06-2016 13:10,1588.7343,1589.7773,1586.6479,1589.1813
30-06-2016 13:15,1588.7343,1591.9133,1588.4858,1590.1251
30-06-2016 13:20,1590.1251,1592.7578,1589.4794,1591.5657
30-06-2016 13:25,1591.5657,1593.1552,1590.8702,1592.4598
30-06-2016 13:30,1592.4598,1593.354,1591.4663,1593.0559
30-06-2016 13:35,1593.0559,1595.788,1593.0061,1595.788
30-06-2016 13:40,1595.788,1595.8376,1594.4468,1595.4899
30-06-2016 13:45,1595.5894,1599.1659,1595.0925,1598.8181
30-06-2016 13:50,1598.7188,1600.0601,1597.5266,1599.6626
30-06-2016 13:55,1599.3645,1600.0601,1597.7749,1600.0601
30-06-2016 14:00,1599.5632,1603.5868,1598.7188,1603.3882
30-06-2016 14:05,1603.3882,1604.3816,1600.6561,1604.3816
30-06-2016 14:10,1603.8849,1603.8849,1600.8052,1602.4442
30-06-2016 14:15,1602.494,1602.494,1599.5135,1600.0601
30-06-2016 14:20,1600.0601,1600.3083,1597.5266,1599.5632
30-06-2016 14:25,1599.5135,1600.4077,1597.8247,1600.4077
30-06-2016 14:30,1600.4077,1600.5071,1597.5266,1598.2219
30-06-2016 14:35,1600.4077,1600.4077,1596.6324,1599.2155
30-06-2016 14:40,1599.2155,1600.4077,1595.7383,1596.5828
30-06-2016 14:45,1597.5266,1600.2587,1595.788,1600.2587
30-06-2016 14:50,1600.2587,1600.4573,1595.5396,1598.9175
30-06-2016 14:55,1599.1659,1600.4573,1595.5894,1596.1356
30-06-2016 15:00,1599.1659,1600.4077,1594.5461,1598.371
30-06-2016 15:05,1596.384,1606.5673,1595.5396,1602.047
30-06-2016 15:10,1603.9344,1608.3059,1600.358,1606.5673
30-06-2016 15:15,1606.5673,1609.3987,1602.047,1604.928
30-06-2016 15:20,1608.455,1609.4484,1602.494,1609.2001
30-06-2016 15:25,1609.1503,1614.3661,1604.481,1613.3727
