Date,Open,High,Low,Close,Volume,Adj Close,Returns
01-07-2011,952.05,969.9,941.55,955.2,333800,851.99,
04-07-2011,969.85,969.85,949.05,953.7,278700,850.65,-0.001574027
05-07-2011,952.05,972.7,952.05,970.7,372100,865.82,0.017676272
06-07-2011,970.4,977.9,960.15,963.8,130500,859.66,-0.007140073
07-07-2011,964,993.7,964,991.05,438400,883.97,0.027886163
08-07-2011,993,998,962.6,975.35,315800,869.96,-0.015975892
11-07-2011,973,973,954.45,962.55,103200,858.55,-0.013202314
12-07-2011,958,963.9,938.35,947.6,143400,845.21,-0.015659803
13-07-2011,950,964.9,946.35,955.9,201600,852.62,0.008728845
14-07-2011,954,985.5,948.1,978.75,290300,873,0.023621594
15-07-2011,981.8,989.5,971.55,980.15,257900,874.25,0.00143082
18-07-2011,984.8,988,977,981.95,220300,875.85,0.001828467
19-07-2011,975.2,992,975.2,986.8,205800,880.18,0.004931589
20-07-2011,990,995,967.5,978.15,175900,872.46,-0.008809624
21-07-2011,981,985,971.35,977.8,65300,872.15,-0.00035538
22-07-2011,985,996.95,974.1,995.05,577400,887.54,0.017492163
25-07-2011,994.6,1003,985.05,999.75,277200,891.73,0.004709805
26-07-2011,1000.15,1012.15,987.6,994.65,248900,887.18,-0.005115503
27-07-2011,990,1001.9,990,995.75,162300,888.16,0.001104014
28-07-2011,983.15,1036.5,981,1022.1,717100,911.66,0.026115207
29-07-2011,1005.15,1021.8,996.3,1011.6,228800,902.3,-0.010320055
01-08-2011,1010,1020,1004.15,1008.7,186500,899.71,-0.00287457
02-08-2011,1003.15,1019.7,1003,1007.55,252600,898.69,-0.001134342
03-08-2011,996.35,999,984.5,989.25,131600,892.1,-0.007359913
04-08-2011,987.25,996,977.5,982.75,133200,886.24,-0.00659044
05-08-2011,951.35,978.75,951.35,964.15,268500,869.47,-0.019103964
08-08-2011,936.2,999.5,936.2,985.8,525800,888.99,0.022202156
09-08-2011,950.15,1014.25,950.15,995.85,614000,898.05,0.010139759
10-08-2011,1000,1015,1000,1010.65,209500,911.4,0.014756133
11-08-2011,1005,1024.8,998.6,1006.3,245000,907.48,-0.004310352
12-08-2011,1006.35,1019.7,989.5,999.6,205200,901.44,-0.006678043
16-08-2011,1001.15,1011.55,985.5,991.3,105100,893.95,-0.008343639
17-08-2011,995,1005,990.55,999.95,188100,901.75,0.008687475
18-08-2011,1001,1012.25,991.7,1004.9,226500,906.22,0.004944782
19-08-2011,990,1008.05,990,998.95,149400,900.85,-0.00594334
22-08-2011,994.15,1014,990.5,998.15,171200,900.13,-0.000799565
23-08-2011,1000,1013.75,998.55,1002.65,114200,904.19,0.004500318
24-08-2011,998.6,1009,993.5,1002.45,320600,904.01,-0.000199093
25-08-2011,1009.8,1019,997.85,1014.75,287100,915.1,0.012192927
26-08-2011,1016.9,1016.9,980.25,992.55,187300,895.08,-0.022120249
29-08-2011,1005,1007.8,994,1002.5,189300,904.05,0.009971569
30-08-2011,1014.75,1014.75,993.5,1002.8,266500,904.32,0.000298611
02-09-2011,1032.85,1034,1002.05,1015.25,403400,915.55,0.012341698
05-09-2011,1005.35,1018.8,997.05,1002.1,272600,903.69,-0.013038596
06-09-2011,1000.1,1022,995.5,1016.85,348400,916.99,0.014610186
07-09-2011,1024.4,1079.9,1020.05,1066.4,948500,961.68,0.047585188
08-09-2011,1070.15,1080,1054,1061.2,309400,956.99,-0.004888813
09-09-2011,1060,1063.8,1011,1028.75,417800,927.72,-0.031062979
12-09-2011,1017,1047.55,1003,1030.2,206300,929.03,0.001411068
13-09-2011,1038.25,1058,1034.5,1054.1,298200,950.58,0.022931294
14-09-2011,1055,1059.75,1033.35,1047.4,240700,944.54,-0.006374288
15-09-2011,1053,1072.9,1049,1064.85,317300,960.28,0.016526872
16-09-2011,1062.15,1073.2,1027.5,1037.9,437600,935.97,-0.025641484
19-09-2011,1040,1055,1029.55,1049.9,186900,946.8,0.011504453
20-09-2011,1052,1069.8,1052,1066.7,229200,961.95,0.015874597
21-09-2011,1061.5,1078.6,1061.5,1071.7,335300,966.46,0.004677437
22-09-2011,1057.05,1084.8,1048.85,1068.4,550400,963.48,-0.003088181
23-09-2011,1058.65,1078.45,1056,1069.25,326400,964.25,0.000798867
26-09-2011,1066.45,1089,1060.4,1080.8,258600,974.66,0.010738095
27-09-2011,1082,1096,1072.1,1091.4,436500,984.22,0.009760757
28-09-2011,1095.1,1102.5,1083.4,1088.15,314800,981.29,-0.002981417
29-09-2011,1080.15,1098.1,1077.05,1089.75,439600,982.73,0.00146638
30-09-2011,1086,1105,1086,1098.55,212000,990.67,0.008047069
03-10-2011,1096.7,1104.9,1077.5,1100.55,202600,992.47,0.001815304
04-10-2011,1097,1112.5,1090,1100.2,271000,992.16,-0.000312401
05-10-2011,1100,1116,1082.05,1107,281500,998.29,0.006159431
07-10-2011,1120,1128.55,1103,1113.5,266200,1004.15,0.005852876
10-10-2011,1108,1138.05,1092.3,1131.15,406300,1020.07,0.01572984
11-10-2011,1125.05,1147.15,1125.05,1133.95,317100,1022.59,0.002467372
12-10-2011,1134.55,1144,1132,1140.5,379400,1028.5,0.005762805
13-10-2011,1140,1140.85,1120.35,1122.65,203900,1012.4,-0.01577768
14-10-2011,1116.1,1126.8,1112.2,1119.5,179100,1009.56,-0.002809157
17-10-2011,1119.75,1121.4,1101.55,1111.5,166100,1002.35,-0.007167349
18-10-2011,1100.1,1115.45,1097.9,1105.35,192200,996.8,-0.005552374
19-10-2011,1105.5,1134,1104.05,1126.5,241800,1015.87,0.018950519
20-10-2011,1126,1126,1107,1115.05,172300,1005.55,-0.010210733
21-10-2011,1120,1127.7,1112.35,1118.05,105500,1008.25,0.002681499
24-10-2011,1129.9,1144.75,1126.2,1134.35,131900,1022.95,0.014474455
25-10-2011,1139,1196.8,1134.45,1183.45,697600,1067.23,0.042375897
26-10-2011,1183,1198.5,1175.35,1193.7,76200,1076.47,0.008620663
28-10-2011,1207,1237.4,1207,1224,325100,1103.8,0.025071603
31-10-2011,1216.2,1224,1190.1,1195.05,226500,1077.69,-0.02393891
01-11-2011,1199,1209.25,1166,1184.15,792800,1067.86,-0.009163216
02-11-2011,1180,1195.85,1173.2,1185.65,268900,1069.21,0.001263412
03-11-2011,1180,1221.1,1176.65,1210.3,418800,1091.44,0.020577867
04-11-2011,1215.55,1231.75,1210.1,1223.5,304300,1103.35,0.010853081
08-11-2011,1224,1229.75,1211.45,1218.6,176500,1098.93,-0.004014027
09-11-2011,1225.85,1225.85,1198.2,1207.55,318600,1088.96,-0.009113867
11-11-2011,1214.85,1223.75,1191.55,1218.6,231800,1098.93,0.009113867
14-11-2011,1222.15,1232.95,1211,1217.1,124900,1097.58,-0.001229223
15-11-2011,1200.15,1221.9,1200.15,1208.45,147900,1089.78,-0.007131915
16-11-2011,1205,1209.9,1181.3,1193.35,111000,1076.16,-0.012576691
17-11-2011,1193,1193,1151.2,1158.55,262500,1044.78,-0.029592813
18-11-2011,1151.05,1163.7,1133,1150.5,261800,1037.52,-0.006973087
21-11-2011,1145.15,1149.6,1128,1134.5,246200,1023.09,-0.01400579
22-11-2011,1134.5,1150,1121.1,1142.5,156700,1030.3,0.007022562
23-11-2011,1134.9,1144.85,1126.1,1130.85,240800,1019.8,-0.010243492
24-11-2011,1129.5,1137.95,1104.1,1114.15,350200,1004.74,-0.014877728
25-11-2011,1110,1129,1097.45,1120.3,238100,1010.28,0.005498719
28-11-2011,1129,1199,1126.2,1192.75,450300,1075.62,0.062669719
29-11-2011,1186.15,1192,1148,1160.9,180600,1046.9,-0.027063823
30-11-2011,1142.15,1152.8,1135,1144.3,263700,1031.93,-0.014402581
01-12-2011,1164.7,1185.45,1161.25,1171.5,356000,1056.45,0.023483396
02-12-2011,1170.25,1219,1170,1214,411800,1094.78,0.035639199
05-12-2011,1210,1225.5,1193.3,1204.25,282100,1085.99,-0.008061416
07-12-2011,1193.05,1230,1193.05,1218.8,198000,1099.11,0.012008748
08-12-2011,1208,1218.1,1190.5,1202.7,152300,1084.59,-0.013298726
09-12-2011,1189.5,1198.3,1160.55,1163.8,475700,1049.51,-0.032878647
12-12-2011,1177.9,1177.9,1113.1,1120.75,309900,1010.69,-0.037690123
13-12-2011,1110,1146.85,1101.1,1136.05,163000,1024.49,0.013561662
14-12-2011,1144,1147.8,1123.2,1140.65,177200,1028.63,0.004032892
15-12-2011,1127.15,1147.7,1125,1140.35,331300,1028.36,-0.00026252
16-12-2011,1133.1,1167.5,1118.15,1128.75,273100,1017.9,-0.010223619
19-12-2011,1134.8,1141.3,1111,1129.6,247000,1018.67,0.000756173
20-12-2011,1131,1134.7,1084,1101.85,382400,993.64,-0.024878166
21-12-2011,1112,1149,1111,1139.95,295800,1028,0.033995478
22-12-2011,1137.15,1155,1125.15,1141.15,249400,1029.08,0.001050032
23-12-2011,1145,1162.2,1127.5,1139.05,182700,1027.19,-0.001838281
26-12-2011,1143.85,1164,1133,1159.2,155900,1045.36,0.017534405
27-12-2011,1164,1180.9,1158.6,1174.65,283800,1059.3,0.013246989
28-12-2011,1175,1186,1160,1168.3,202900,1053.57,-0.005423915
29-12-2011,1165.4,1165.4,1145.7,1151.3,237100,1038.24,-0.014657425
30-12-2011,1151.35,1158.9,1132.05,1136.9,111800,1025.25,-0.012590487
02-01-2012,1145,1145.55,1117.65,1138.85,84700,1027.01,0.001715183
03-01-2012,1141.65,1158.9,1125,1143.7,276100,1031.38,0.004246043
04-01-2012,1135,1140,1093.1,1104.3,419400,995.85,-0.035056346
05-01-2012,1098.2,1122.9,1082.3,1112.65,568700,1003.38,0.007532936
06-01-2012,1107.1,1114,1088,1103.1,395600,994.77,-0.008618025
09-01-2012,1100,1107.8,1091.5,1099.65,222500,991.66,-0.003131248
10-01-2012,1100,1125,1100,1116.05,278200,1006.45,0.01480426
11-01-2012,1115,1132.5,1106.05,1116.6,312300,1006.95,0.000496672
12-01-2012,1114,1128,1109.95,1120.2,198200,1010.19,0.003212472
13-01-2012,1125,1131,1113.55,1124.45,268900,1014.02,0.003784197
16-01-2012,1120.1,1126.9,1105.1,1112.85,94200,1003.56,-0.010368951
17-01-2012,1113.95,1145.45,1113.95,1139.35,299800,1027.46,0.023536059
18-01-2012,1144,1151.8,1125.65,1130.15,167800,1019.17,-0.008101167
19-01-2012,1140,1178.5,1133.5,1151.35,554300,1038.28,0.018576927
20-01-2012,1155,1160,1140.45,1150.05,220600,1037.11,-0.001127499
23-01-2012,1135.1,1168,1135.1,1165.5,329200,1051.04,0.013342151
24-01-2012,1169.8,1184,1163.8,1176.75,314500,1061.19,0.00961077
25-01-2012,1178,1196,1167.5,1173.8,318500,1058.53,-0.002509767
27-01-2012,1180,1207,1173.05,1191.7,437300,1074.67,0.015132485
30-01-2012,1180.1,1205,1165,1170.25,173200,1055.33,-0.018160123
31-01-2012,1177.55,1201.8,1177,1193.2,219200,1076.02,0.019415535
01-02-2012,1188,1214,1188,1202,193000,1083.96,0.007351953
02-02-2012,1210,1264.45,1205.3,1248.85,552000,1126.21,0.038237011
03-02-2012,1260,1275,1252,1267.25,444300,1142.8,0.014623378
06-02-2012,1280,1354.9,1272.25,1334.2,787600,1203.18,0.05148666
07-02-2012,1341,1374,1300.1,1358.9,804000,1225.45,0.018340072
08-02-2012,1354.05,1393,1336.25,1384.6,684300,1248.63,0.018738827
09-02-2012,1378.9,1399,1370.3,1389.3,594800,1252.87,0.003389969
10-02-2012,1400,1421.75,1336.25,1347,667400,1214.72,-0.030923322
13-02-2012,1346.7,1373.7,1335.5,1355.35,236500,1222.25,0.006179825
14-02-2012,1352.2,1370,1336.25,1339.2,227000,1207.69,-0.011983978
15-02-2012,1349.5,1387.5,1341,1369.8,487200,1235.28,0.022588221
16-02-2012,1356.6,1368.9,1334,1345.4,307900,1213.28,-0.017970229
17-02-2012,1353,1384.8,1336.8,1366.45,301900,1232.26,0.015522446
21-02-2012,1364.5,1380.55,1354.05,1370.75,236400,1236.14,0.003143739
22-02-2012,1370.75,1371,1315.9,1325.3,899300,1195.15,-0.033721921
23-02-2012,1316.1,1327.6,1293,1299.3,650900,1171.7,-0.019816015
24-02-2012,1294,1320,1256,1267.8,728500,1143.3,-0.024536868
27-02-2012,1252.35,1284.95,1237.85,1258.1,623900,1134.55,-0.007682721
28-02-2012,1266.95,1301.9,1266,1288.65,326900,1162.1,0.023992617
29-02-2012,1293,1320,1293,1306.05,607100,1177.79,0.013411088
01-03-2012,1305,1344,1285.35,1322.05,296500,1192.22,0.012177314
02-03-2012,1330,1355,1325,1338.45,571000,1207.01,0.012329112
05-03-2012,1330,1330,1286.6,1299.65,196300,1172.02,-0.029417471
06-03-2012,1288.1,1314.85,1273,1292.7,401700,1165.75,-0.005364099
07-03-2012,1285,1309.95,1281.5,1304.35,115400,1176.26,0.008975257
09-03-2012,1315,1331.2,1301.1,1318.75,216600,1189.24,0.010974534
12-03-2012,1321,1326,1296,1321.2,248500,1207.01,0.014831779
13-03-2012,1325.5,1345.95,1325.5,1339,417800,1223.27,0.013381374
14-03-2012,1346,1365.9,1339.25,1354.8,353600,1237.71,0.011735297
15-03-2012,1353,1360.05,1338.1,1343.85,235900,1227.71,-0.008112253
16-03-2012,1336,1355,1320.65,1339.9,630500,1224.1,-0.002944765
19-03-2012,1336.1,1383.55,1325.35,1354.95,467600,1237.85,0.011170124
20-03-2012,1355,1378,1340,1359.35,242100,1241.87,0.003242304
21-03-2012,1359,1397,1355,1390.75,571900,1270.55,0.022831569
22-03-2012,1385,1405,1331.1,1344.5,390700,1228.3,-0.033818778
23-03-2012,1349.7,1385,1341.25,1372.05,321800,1253.47,0.020284606
26-03-2012,1360.25,1365.7,1324,1330.3,146200,1215.33,-0.03090006
27-03-2012,1335,1344.95,1303.15,1324.3,488200,1209.85,-0.00451926
28-03-2012,1321,1339.05,1311.2,1324,361300,1209.57,-0.00023146
29-03-2012,1324.8,1328.7,1291.5,1322.3,598900,1208.02,-0.001282269
30-03-2012,1313.8,1375,1296.5,1359.45,305700,1241.96,0.027708121
02-04-2012,1356,1371.3,1334.75,1342,306900,1226.02,-0.012917626
03-04-2012,1352,1373.25,1351.5,1364.25,387700,1246.34,0.016438106
04-04-2012,1362.7,1362.7,1336,1344.7,136600,1228.48,-0.014433624
09-04-2012,1330.1,1337,1308.45,1312.1,243200,1198.7,-0.024539997
10-04-2012,1322.45,1322.45,1295,1300.05,550900,1187.69,-0.009227392
11-04-2012,1287,1287,1221.05,1236.5,696600,1129.63,-0.050120099
12-04-2012,1250,1284.2,1246,1279.55,323000,1168.96,0.034224319
13-04-2012,1285.25,1304.7,1253.35,1258.75,209500,1149.96,-0.016387305
16-04-2012,1253,1266.95,1231,1237.75,249800,1130.78,-0.016819499
17-04-2012,1240,1261.05,1222,1254.7,422200,1146.26,0.013596809
18-04-2012,1269.55,1308.5,1261.7,1297.2,568100,1185.09,0.033314252
19-04-2012,1309.9,1319,1238.3,1247.6,1232400,1139.77,-0.038992233
20-04-2012,1240,1240,1198.2,1226.9,1271100,1120.86,-0.01673024
23-04-2012,1215,1253.5,1215,1243.45,539600,1135.98,0.013399467
24-04-2012,1245,1255.5,1203.5,1214.1,437900,1109.17,-0.023883727
25-04-2012,1224.9,1234.5,1188,1194.7,370600,1091.45,-0.0161049
26-04-2012,1195,1225,1194.6,1218.85,244400,1113.51,0.020010101
27-04-2012,1210.05,1237.9,1189.45,1195.05,327400,1091.77,-0.019716956
30-04-2012,1196,1246,1196,1237.15,298900,1130.23,0.034620919
02-05-2012,1241,1249.8,1203.2,1212.85,337900,1108.03,-0.019837488
03-05-2012,1201.05,1239.85,1196.1,1206.85,487400,1102.55,-0.004957985
04-05-2012,1198,1222,1197,1208.45,452800,1104.01,0.001323327
07-05-2012,1195,1242,1186.75,1235,472300,1128.26,0.021727617
08-05-2012,1230.1,1250,1212,1221.85,285400,1116.25,-0.01070177
09-05-2012,1205.15,1219,1195.45,1201.9,170300,1098.02,-0.016466295
10-05-2012,1200.05,1225,1196,1199.05,234200,1095.42,-0.002370706
11-05-2012,1187.1,1203.45,1155,1165.95,292100,1065.18,-0.027994052
14-05-2012,1166,1187.75,1146.95,1173.3,340200,1071.9,0.006288976
15-05-2012,1161,1186.8,1161,1174.35,375600,1072.85,0.000885884
16-05-2012,1153.15,1179.9,1140.05,1172.45,483400,1071.12,-0.001613829
17-05-2012,1175,1182,1147.85,1170.9,528700,1069.7,-0.001326595
18-05-2012,1160,1178.9,1154.4,1159.9,240600,1059.65,-0.00943957
21-05-2012,1157,1168.7,1142,1145.1,337600,1046.13,-0.012841024
22-05-2012,1150,1157.45,1125,1130.2,338300,1032.52,-0.013095225
23-05-2012,1128.8,1141,1117.45,1130.45,347400,1032.75,0.000222731
24-05-2012,1132.1,1162.3,1116.2,1155.5,369300,1055.63,0.021912598
25-05-2012,1145.1,1156.8,1138,1144.2,168700,1045.31,-0.009824253
28-05-2012,1145,1174.35,1133.2,1163.95,336500,1063.35,0.01711081
29-05-2012,1174.5,1174.5,1133.15,1137.95,313500,1039.6,-0.022588278
30-05-2012,1138,1169,1130,1162.5,350200,1062.03,0.021346147
31-05-2012,1153,1168.6,1135.15,1140.95,907200,1042.34,-0.018713985
01-06-2012,1151.9,1151.9,1120.05,1126.85,327100,1029.46,-0.012433793
04-06-2012,1115.15,1133.4,1104.05,1125.35,253900,1028.09,-0.001331681
05-06-2012,1113.1,1143,1112,1129.7,306500,1032.06,0.003854093
06-06-2012,1131.9,1165.95,1131.9,1158.65,498700,1058.51,0.025305454
07-06-2012,1169,1171.6,1142.55,1154.6,293000,1054.81,-0.003501603
08-06-2012,1141.05,1153.25,1131.6,1147.6,277100,1048.42,-0.006076387
11-06-2012,1151.05,1169,1142.1,1149.4,252800,1050.06,0.001563036
12-06-2012,1147.5,1194.5,1136.5,1188,447900,1085.33,0.033036783
13-06-2012,1195.8,1195.8,1173.5,1180.1,320300,1078.11,-0.00667458
14-06-2012,1174,1208,1171.3,1189.95,579800,1087.11,0.008313291
15-06-2012,1202.4,1231.6,1195.1,1223.25,486500,1117.53,0.027598094
18-06-2012,1230,1248.9,1218,1225.55,443400,1119.63,0.001877381
19-06-2012,1215,1237.5,1201.45,1227.95,333300,1121.82,0.001954093
20-06-2012,1186,1282.7,1180.1,1271.2,2090500,1161.33,0.034613534
21-06-2012,1246,1264.95,1227.35,1253.7,861600,1145.35,-0.013855633
22-06-2012,1193,1241.7,1190.1,1215.05,1188100,1110.04,-0.031314216
25-06-2012,1213,1232.85,1204,1208.95,376200,1104.46,-0.005039523
26-06-2012,1214.95,1228,1209,1220.55,250300,1115.06,0.009551687
27-06-2012,1228.05,1230,1203.85,1204.4,378900,1100.31,-0.013316257
28-06-2012,1208.1,1228,1203.85,1223.4,388200,1117.67,0.015654203
29-06-2012,1229.8,1273.8,1228.25,1268.05,440500,1158.46,0.035845376
02-07-2012,1265.25,1320,1253.5,1311.65,652700,1198.29,0.033804004
03-07-2012,1316.2,1321,1285.55,1295.4,376600,1183.44,-0.012470089
04-07-2012,1298,1305.4,1282,1287.65,311500,1176.36,-0.006000527
05-07-2012,1294.9,1305,1287.7,1296.75,222300,1184.68,0.007047771
06-07-2012,1295,1309.5,1287,1296.1,205600,1184.08,-0.000506594
09-07-2012,1284.3,1292.15,1264.05,1280.4,237200,1169.74,-0.0121846
10-07-2012,1284,1287.55,1260.1,1271.95,440300,1162.02,-0.006621632
11-07-2012,1270.4,1286.75,1260.5,1264.4,374700,1155.12,-0.005955635
12-07-2012,1260.95,1272.85,1255.15,1263.75,234700,1154.53,-0.0005109
13-07-2012,1269.7,1273.3,1260,1263.95,108300,1154.71,0.000155895
16-07-2012,1266,1272,1255,1258.35,126300,1149.59,-0.004443873
17-07-2012,1262,1271.1,1249.6,1257.8,219200,1149.09,-0.000435032
18-07-2012,1258,1281.4,1242.45,1266.95,265300,1157.45,0.007248985
19-07-2012,1275,1277.8,1256.1,1262.85,336100,1153.71,-0.003236473
20-07-2012,1254,1268.55,1253.1,1259.3,156600,1150.46,-0.002820974
23-07-2012,1250.35,1271.65,1248.3,1253.4,252100,1145.07,-0.004696092
24-07-2012,1254.65,1277.5,1252.3,1269.65,241800,1159.92,0.012885267
25-07-2012,1262.15,1292,1262.15,1276.2,587000,1165.9,0.005142284
26-07-2012,1283,1289.15,1252.3,1260.85,664300,1151.88,-0.012097931
27-07-2012,1289.9,1309,1280.55,1293.75,516800,1181.94,0.025761766
30-07-2012,1308,1308,1288.65,1297.85,264500,1185.68,0.003159293
31-07-2012,1300,1332.3,1295.1,1324.2,464200,1209.75,0.020097277
01-08-2012,1314,1327.7,1309,1323.4,213200,1219.15,0.007740168
02-08-2012,1317.1,1327.8,1314.05,1317.55,235000,1213.76,-0.004430915
03-08-2012,1312.1,1315,1305.1,1308.7,204400,1205.61,-0.006737317
06-08-2012,1324.8,1325,1314.25,1317.95,252700,1214.13,0.007042108
07-08-2012,1318.25,1342.9,1304,1335,539100,1229.84,0.012856309
08-08-2012,1341,1356.9,1335,1341,249000,1235.36,0.004478346
09-08-2012,1343.1,1351.35,1333.65,1338.85,210700,1233.38,-0.001604057
10-08-2012,1335,1354.8,1335,1342.05,241300,1236.33,0.002388946
13-08-2012,1342.05,1364,1339.5,1360.25,235700,1253.1,0.013473167
14-08-2012,1360,1363.9,1350.5,1354.7,174900,1247.98,-0.004094237
16-08-2012,1356,1358.05,1335.1,1338.45,124700,1233.01,-0.01206791
17-08-2012,1335.15,1338.45,1320.15,1326.35,190500,1221.87,-0.009075862
21-08-2012,1330,1363,1320,1357.85,175500,1250.89,0.023472826
22-08-2012,1351.5,1370.8,1345.2,1361.05,180100,1253.83,0.002347569
23-08-2012,1366,1367.9,1340,1346.75,139300,1240.66,-0.010559371
24-08-2012,1343.8,1344.45,1329.5,1338.35,80600,1232.92,-0.006258156
27-08-2012,1338,1349.8,1332,1346.7,130900,1240.61,0.006217854
28-08-2012,1350.9,1350.9,1324.45,1335.45,86900,1230.25,-0.008385793
29-08-2012,1343,1343,1323,1337.8,138700,1232.42,0.001762315
30-08-2012,1330.5,1338.25,1313.6,1326.85,494700,1222.33,-0.008220843
31-08-2012,1317,1327,1304.15,1308.5,187400,1205.42,-0.013930819
03-09-2012,1311.05,1315,1293.05,1308.6,156300,1205.52,8.30E-05
04-09-2012,1307.7,1307.7,1296.15,1302.85,122800,1200.22,-0.004406136
05-09-2012,1293.15,1305.65,1284.45,1301.55,161800,1199.02,-0.001000317
06-09-2012,1293.25,1342.05,1285.15,1335.7,258600,1230.48,0.025899781
07-09-2012,1352.15,1352.2,1335.6,1341.15,149900,1235.5,0.004071409
10-09-2012,1334.15,1350,1329.85,1336.6,168700,1231.31,-0.003397103
11-09-2012,1339,1363.75,1330.3,1351.1,263900,1244.67,0.010791791
12-09-2012,1355,1369.7,1351,1356.75,139000,1249.87,0.004169111
13-09-2012,1363.5,1363.5,1335.1,1343.5,159300,1237.67,-0.009808966
14-09-2012,1359.7,1389.8,1350.3,1385.75,356500,1276.59,0.030961881
17-09-2012,1395,1398.8,1363.3,1371.2,202500,1263.18,-0.010560109
18-09-2012,1369.8,1381.75,1360.95,1368.75,183000,1260.93,-0.001782807
20-09-2012,1345,1366.5,1345,1358.35,210400,1251.35,-0.007626575
21-09-2012,1358.8,1389.6,1353.8,1379.5,341200,1270.83,0.015447262
24-09-2012,1375.25,1380.65,1362.8,1367.85,379000,1260.1,-0.008479147
25-09-2012,1365.55,1381,1365.55,1376.6,225100,1268.16,0.006375948
26-09-2012,1377,1437.25,1373.4,1428.3,571900,1315.79,0.036870215
27-09-2012,1430.5,1456,1430.5,1447.75,566300,1333.7,0.013519789
28-09-2012,1452,1477.5,1440.5,1470.05,416800,1354.25,0.015290761
01-10-2012,1465,1484.95,1448,1458,389500,1343.15,-0.008230194
03-10-2012,1467,1475.45,1455.25,1463.85,335500,1348.54,0.004004924
04-10-2012,1472,1545.35,1469.05,1480.7,460000,1364.06,0.011443021
05-10-2012,1485,1488.95,1388.65,1457.65,355600,1342.82,-0.015693666
08-10-2012,1457,1457,1420.25,1431.8,258500,1319.01,-0.017890425
09-10-2012,1439,1449.2,1418.2,1429.75,255500,1317.12,-0.00143392
10-10-2012,1426.8,1447.6,1419.6,1425.1,276600,1312.84,-0.003254805
11-10-2012,1426.3,1450,1423.45,1442.55,495000,1328.91,0.012166328
12-10-2012,1448,1509.9,1420,1498.05,540500,1380.04,0.037753427
15-10-2012,1495.1,1514.4,1485.1,1489.2,270200,1371.89,-0.005923133
16-10-2012,1491.5,1498,1441.7,1445.7,244700,1331.82,-0.029642923
17-10-2012,1451,1458.15,1418.1,1427.65,384500,1315.19,-0.012565286
18-10-2012,1435,1451.95,1406.1,1416.15,1007200,1304.59,-0.008092327
19-10-2012,1419,1435,1397.25,1407.85,1161000,1296.95,-0.005873461
22-10-2012,1407.85,1424,1398.05,1418.65,206500,1306.9,0.007642567
23-10-2012,1416.85,1423.75,1398.25,1404.3,162500,1293.68,-0.01016705
25-10-2012,1406.8,1413.5,1389.75,1401.3,472600,1290.91,-0.002143474
29-10-2012,1404,1420,1404,1414.75,203500,1303.3,0.009552114
30-10-2012,1414.95,1420.6,1375.4,1378.4,240400,1269.82,-0.026024351
31-10-2012,1376.15,1390.8,1365.1,1379.05,222900,1270.42,0.000472396
01-11-2012,1384.95,1399.85,1371.2,1395.1,206100,1285.2,0.011566794
02-11-2012,1406.15,1417.3,1398.95,1408.4,128700,1297.45,0.009486451
05-11-2012,1409,1440,1402.5,1436.55,287300,1323.39,0.019795827
06-11-2012,1434.9,1479.9,1433.1,1473.4,460800,1357.33,0.025322909
07-11-2012,1473,1479.9,1459.15,1472.7,163400,1356.69,-0.000471625
08-11-2012,1461,1487.95,1455.2,1473.4,255200,1357.33,0.000471625
09-11-2012,1478.85,1484,1443.5,1453.25,100500,1338.77,-0.013768253
12-11-2012,1464.6,1464.6,1429,1434.45,132800,1321.45,-0.013021663
15-11-2012,1420.05,1423.25,1389.05,1404.4,154500,1293.77,-0.021169182
16-11-2012,1410.95,1410.95,1369.45,1378.1,132900,1269.54,-0.018905807
19-11-2012,1380,1396.75,1368,1382.65,232200,1273.73,0.003294974
20-11-2012,1385,1393,1351.45,1378.9,295500,1270.28,-0.002712255
21-11-2012,1385.35,1394,1366.6,1384.3,128200,1275.25,0.003904889
22-11-2012,1381.1,1404.9,1381.1,1391.65,151700,1282.02,0.005294721
23-11-2012,1393,1398.5,1372.05,1381.3,93300,1272.49,-0.007461348
26-11-2012,1385,1390.35,1370.8,1382.8,97400,1273.87,0.0010839
27-11-2012,1385,1398,1381,1390.5,199200,1280.96,0.005550286
29-11-2012,1385.1,1409,1385.1,1396.1,406000,1286.12,0.004020137
30-11-2012,1399,1406.3,1375,1383.9,396300,1274.88,-0.008777878
03-12-2012,1392.25,1447.3,1384.6,1435.9,444200,1322.79,0.036891086
04-12-2012,1437,1441,1415,1426.65,220100,1314.27,-0.006461764
05-12-2012,1427.3,1442,1421.25,1431.95,383500,1319.15,0.003706211
06-12-2012,1430.1,1436.9,1401,1418.35,204000,1306.62,-0.00954394
07-12-2012,1425,1438,1410,1414.8,134200,1303.35,-0.002505777
10-12-2012,1414.8,1431.25,1402.55,1413.5,123100,1302.15,-0.000921128
11-12-2012,1416,1454,1416,1427.9,350500,1315.42,0.010139262
12-12-2012,1439,1442,1417,1421.05,169700,1309.11,-0.004808489
13-12-2012,1433,1444.45,1367.15,1396.05,606200,1286.08,-0.017748685
14-12-2012,1403,1412.55,1386,1404.35,344100,1293.72,0.005922957
17-12-2012,1404.9,1418,1390,1414.65,179100,1303.21,0.007308662
18-12-2012,1415.55,1423,1391.45,1410.65,174500,1299.53,-0.002827791
19-12-2012,1424,1424,1403.65,1415.05,295600,1303.58,0.003111665
20-12-2012,1416,1416,1397.35,1402.5,131400,1292.02,-0.008907441
21-12-2012,1399,1402.95,1383.15,1397.3,226700,1287.23,-0.003714262
24-12-2012,1397.5,1415,1393.75,1410.85,151400,1299.71,0.00964854
26-12-2012,1414.95,1426.15,1411.1,1415.25,113300,1303.76,0.003111235
27-12-2012,1419.7,1420,1396.45,1402.9,331700,1292.39,-0.00875918
28-12-2012,1405,1416.9,1394.95,1409.45,139900,1298.42,0.004654923
31-12-2012,1411.95,1437,1408,1432.2,187800,1319.38,0.016013789
01-01-2013,1440,1440.85,1424.05,1431.1,125000,1318.37,-0.000765804
02-01-2013,1437.2,1442,1426,1429.5,151200,1316.89,-0.001123229
03-01-2013,1432.55,1452.5,1425.65,1436.3,191600,1323.16,0.004749919
04-01-2013,1443.8,1446.8,1426,1434.8,212700,1321.77,-0.001051068
07-01-2013,1439,1440.8,1413.7,1417.45,103500,1305.79,-0.012163526
08-01-2013,1415,1437,1410.15,1417.65,202700,1305.98,0.000145495
09-01-2013,1420,1424.65,1392.1,1397.7,215300,1287.6,-0.014173696
10-01-2013,1400.6,1404,1373,1379.05,645400,1270.42,-0.013432466
11-01-2013,1382,1388.05,1354,1361.4,445600,1254.16,-0.012881529
14-01-2013,1363.1,1371,1336.6,1360.35,305300,1253.19,-0.000773725
15-01-2013,1364,1392.05,1360,1388.4,448300,1279.03,0.020409678
16-01-2013,1387,1393.25,1370.4,1384.5,414300,1275.44,-0.002810761
17-01-2013,1381,1383.8,1347,1358.85,427300,1251.81,-0.018700713
18-01-2013,1360.5,1366.55,1335.6,1345.15,312000,1239.19,-0.010132564
21-01-2013,1346.05,1346.95,1321,1335.5,293400,1230.3,-0.007199898
22-01-2013,1328.95,1371,1328,1358.9,473800,1251.85,0.017364415
23-01-2013,1358.05,1371.7,1345,1355.1,380900,1248.35,-0.002799778
24-01-2013,1348.2,1366.4,1334.05,1345.9,206700,1239.88,-0.006808079
25-01-2013,1339,1348.9,1305,1326.75,432700,1222.24,-0.01432936
28-01-2013,1330.1,1347.95,1319,1328.85,213200,1224.17,0.001577823
29-01-2013,1329,1343.5,1301.1,1304.9,338700,1202.11,-0.018184717
30-01-2013,1310.25,1335,1305.35,1324.75,192800,1220.39,0.015092134
31-01-2013,1328,1335.7,1317.1,1323.1,190400,1218.87,-0.00124628
01-02-2013,1325,1332.9,1315.15,1318.75,161100,1214.87,-0.003287125
04-02-2013,1321.15,1329.6,1296.4,1300.55,301700,1198.1,-0.013900107
05-02-2013,1286,1327.6,1286,1323.7,232600,1219.43,0.017646568
06-02-2013,1328,1342.9,1318,1333.1,346300,1228.09,0.00707658
07-02-2013,1329,1349,1321.9,1344.3,564200,1238.4,0.008360107
08-02-2013,1326.8,1334.05,1294.15,1303.75,651400,1201.05,-0.03062405
11-02-2013,1304,1306.4,1253.7,1258.1,586100,1158.99,-0.035647238
12-02-2013,1261.8,1264,1231.1,1239.2,468800,1141.58,-0.015135668
13-02-2013,1248.9,1262.05,1203,1249.3,515000,1150.89,0.008122288
14-02-2013,1250,1259.7,1234.05,1246.05,227400,1147.89,-0.002610082
15-02-2013,1243,1265,1222,1258.85,481600,1159.69,0.010227254
18-02-2013,1257.7,1284.95,1250.1,1262.2,323400,1162.77,0.002652362
19-02-2013,1260.45,1305.65,1260.45,1299.8,502200,1197.41,0.029355801
20-02-2013,1304.9,1316,1289.2,1311.15,533700,1207.87,0.008697587
21-02-2013,1306.9,1313.4,1295.55,1301,762500,1198.51,-0.007779359
22-02-2013,1300.05,1308.05,1295,1300.95,376000,1198.47,-3.34E-05
25-02-2013,1302,1321,1293.05,1305.6,332600,1202.75,0.003564858
26-02-2013,1297,1312,1291.7,1298.35,575700,1196.07,-0.005569419
27-02-2013,1310,1315,1296,1302.3,777400,1199.71,0.003038679
28-02-2013,1310,1314,1253.5,1272.55,1027600,1172.31,-0.0231037
01-03-2013,1265,1279.9,1248.5,1267.4,149900,1167.56,-0.00406006
04-03-2013,1259,1259.7,1211.1,1221.35,544800,1125.14,-0.037008629
05-03-2013,1223,1267.05,1206.65,1256.45,774800,1157.47,0.028329116
06-03-2013,1265,1269,1245.05,1254.05,571000,1155.26,-0.001911162
07-03-2013,1254.05,1272.9,1241.5,1263.4,182400,1163.88,0.007433824
08-03-2013,1264.35,1277.35,1256,1263,462400,1163.51,-0.000317953
11-03-2013,1265,1273.9,1251.4,1268.75,434300,1168.81,0.004544839
12-03-2013,1270.25,1300.7,1263.65,1286.35,560600,1185.02,0.013773515
13-03-2013,1278,1285,1246.7,1249.7,248700,1151.26,-0.028902657
14-03-2013,1253.7,1265,1240.5,1259.2,250400,1160.01,0.007571631
15-03-2013,1267.7,1273.95,1237.45,1249.35,181200,1150.93,-0.007858315
18-03-2013,1238.9,1259.7,1218.85,1226.15,256900,1129.56,-0.018742135
19-03-2013,1229.7,1229.7,1190.1,1195.55,488100,1101.37,-0.025273317
20-03-2013,1192.1,1194.15,1136.15,1148,460500,1057.57,-0.040581036
21-03-2013,1143,1164.7,1118.05,1124.45,419900,1053.31,-0.004036237
22-03-2013,1125,1153.7,1124.05,1147.6,384000,1074.99,0.020373772
25-03-2013,1163.5,1169.9,1150,1155.8,421000,1082.67,0.007118853
26-03-2013,1150,1169,1144,1158.85,287700,1085.53,0.002638135
28-03-2013,1148.1,1168,1141.1,1159.2,224200,1085.86,0.000303953
01-04-2013,1170,1175,1150.55,1160.9,203600,1087.45,0.001463206
02-04-2013,1159.35,1181,1155.1,1176.6,225300,1102.16,0.013436385
03-04-2013,1176.6,1176.6,1157.5,1162.25,195400,1088.71,-0.012278382
04-04-2013,1156.9,1156.9,1131.1,1139.35,278800,1067.26,-0.019898893
05-04-2013,1130.1,1143,1106.6,1129.25,480100,1057.8,-0.008903337
08-04-2013,1129.25,1134.95,1119.3,1126.9,164100,1055.6,-0.002081954
09-04-2013,1131.5,1161.45,1127.05,1130.8,223500,1059.25,0.003451785
10-04-2013,1130.5,1159,1119.5,1147.25,274600,1074.66,0.014443222
11-04-2013,1160.1,1161.75,1135.25,1143,149100,1070.68,-0.003710372
12-04-2013,1140,1150.9,1132.05,1148.1,207600,1075.46,0.004454516
15-04-2013,1146.3,1155.55,1127.5,1140.8,143000,1068.62,-0.006380381
16-04-2013,1140,1186,1128.2,1174.85,331200,1100.52,0.029414699
17-04-2013,1177.55,1201,1170.3,1188.7,219400,1113.49,0.011716432
18-04-2013,1191,1218.85,1172,1211.7,200600,1135.03,0.019159855
22-04-2013,1214,1229,1207.05,1216.8,209500,1139.81,0.0042025
23-04-2013,1216.9,1223.3,1203.15,1215.5,211100,1138.59,-0.001070927
25-04-2013,1224,1260,1223.1,1255.05,172500,1175.64,0.032022025
26-04-2013,1248,1263.9,1237.1,1247.65,387300,1168.71,-0.005912104
29-04-2013,1246.7,1247.15,1214.05,1240.6,241300,1162.11,-0.005663258
30-04-2013,1245,1252,1205,1233.3,348800,1155.27,-0.005903235
02-05-2013,1234,1259.2,1234,1250,228300,1170.91,0.013447141
03-05-2013,1260,1275,1222.45,1227.3,473000,1149.65,-0.018323676
06-05-2013,1230,1245,1207.1,1211.15,243600,1134.52,-0.013247894
07-05-2013,1212.5,1228,1200.2,1224.45,308800,1146.98,0.010922747
08-05-2013,1224,1232.55,1210,1215.4,269800,1138.5,-0.007420795
09-05-2013,1218.9,1227,1209.5,1214,237600,1137.19,-0.001151299
10-05-2013,1219.8,1245.75,1213.45,1242.6,203500,1163.98,0.02328486
13-05-2013,1239,1242.6,1201.6,1206.9,265800,1130.54,-0.029149772
14-05-2013,1210,1220.55,1195.7,1204.45,262100,1128.24,-0.002036498
15-05-2013,1210,1234.7,1206.1,1229.75,195500,1151.94,0.020788581
16-05-2013,1230,1255,1229.75,1250.45,241200,1171.33,0.016692378
17-05-2013,1256,1279.9,1252,1269.35,285000,1189.04,0.015006404
20-05-2013,1278,1278,1240.65,1246.65,105000,1167.77,-0.018050312
21-05-2013,1248,1248,1215,1222.8,186200,1145.43,-0.019315835
22-05-2013,1224.7,1231.35,1211.4,1219.9,407400,1142.72,-0.002368727
23-05-2013,1210,1217.9,1191,1206.2,218400,1129.88,-0.011299953
24-05-2013,1218,1231,1197.05,1226.3,150200,1148.71,0.016528141
27-05-2013,1225,1248,1211.4,1245.45,146800,1166.65,0.01549682
28-05-2013,1239.25,1251.45,1232,1245.5,219300,1166.7,4.29E-05
29-05-2013,1239.9,1249.8,1220.1,1236.15,104700,1157.94,-0.007536687
30-05-2013,1226.3,1252,1218.5,1243.95,188100,1165.24,0.00628451
31-05-2013,1236.3,1243.95,1208,1218.75,241800,1141.64,-0.020461249
03-06-2013,1225.5,1228,1211.15,1223.4,270200,1145.99,0.003803067
04-06-2013,1225.1,1236,1211.55,1218.6,197600,1141.5,-0.003925705
05-06-2013,1214,1214,1191.35,1204.95,222500,1128.71,-0.011267799
06-06-2013,1196,1219.9,1186,1208.3,162400,1131.85,0.002778074
07-06-2013,1200.1,1215,1193.05,1205,235000,1128.76,-0.002733777
10-06-2013,1211,1236.45,1206,1229.1,167000,1151.33,0.019798111
11-06-2013,1220,1234.5,1213,1225.4,288700,1147.87,-0.003009745
12-06-2013,1215.3,1255.45,1195.6,1211.95,167100,1135.27,-0.011037543
13-06-2013,1197.45,1221.7,1194.6,1204.8,237300,1128.57,-0.005919164
14-06-2013,1218,1225.7,1208.15,1214.85,183700,1137.99,0.008312204
17-06-2013,1216.25,1220,1200,1205.2,152700,1128.95,-0.007975551
18-06-2013,1206.1,1228,1197.75,1214.6,353700,1137.75,0.007764631
19-06-2013,1215,1225,1202.7,1216.1,313400,1139.16,0.001238521
20-06-2013,1203.15,1204,1170.1,1178.05,496600,1103.51,-0.03179514
21-06-2013,1173.9,1173.9,1151.25,1163.6,643700,1089.98,-0.012336661
24-06-2013,1163,1172.8,1146.05,1164.7,227900,1091.01,0.000944525
25-06-2013,1166.5,1179.45,1155,1171.85,141700,1097.71,0.006122319
26-06-2013,1175.25,1176.75,1156.35,1168.3,257000,1094.38,-0.003038199
27-06-2013,1182.25,1212.35,1175.25,1202.7,372000,1126.6,0.029016255
28-06-2013,1216.9,1230,1205,1222.65,214300,1145.29,0.016453633
01-07-2013,1225,1247.9,1212,1220.05,227000,1142.86,-0.002123987
02-07-2013,1220,1242.1,1210.35,1234.3,298600,1156.2,0.011604873
03-07-2013,1225.1,1234.9,1195,1204.8,252700,1128.57,-0.024187421
04-07-2013,1208.1,1246,1208.1,1236,815400,1157.8,0.025570308
05-07-2013,1245.1,1245.85,1230.55,1238.45,148200,1160.09,0.001975936
08-07-2013,1232.25,1260,1218.05,1256.55,154000,1177.05,0.01451372
09-07-2013,1263.25,1275,1243.6,1250.75,173200,1171.61,-0.004632437
10-07-2013,1252,1259.6,1245,1249.9,190500,1170.82,-0.000674513
11-07-2013,1264.6,1269.7,1244.45,1250.25,162000,1171.15,0.000281814
12-07-2013,1255,1255,1226,1241.4,209600,1162.86,-0.007103684
15-07-2013,1239.5,1249.4,1232.45,1242.05,124600,1163.46,0.000515836
16-07-2013,1218.55,1262,1218.55,1257.75,105500,1178.17,0.012564063
17-07-2013,1260,1284.85,1256.55,1274.65,239600,1194,0.013346628
18-07-2013,1280,1292.95,1268.9,1275.35,161700,1194.66,0.000552611
19-07-2013,1275,1284.6,1261.15,1275.5,349100,1194.8,0.000117181
22-07-2013,1275,1277.95,1232.35,1241.05,127400,1162.53,-0.027380143
23-07-2013,1241,1254.4,1225.1,1249,469500,1169.97,0.006379443
24-07-2013,1241.9,1242.45,1211.05,1230.55,248600,1152.69,-0.014879766
25-07-2013,1190.05,1211.8,1165,1195.25,748400,1119.63,-0.029100068
26-07-2013,1196.1,1222.4,1185,1211.9,144500,1135.22,0.013828191
29-07-2013,1201.25,1218.7,1191.25,1194.45,89600,1118.88,-0.01449828
30-07-2013,1190,1195.95,1171,1174.35,171100,1110.27,-0.007724956
31-07-2013,1171.05,1189.9,1140.05,1173.55,299100,1109.52,-0.00067574
01-08-2013,1185,1199,1143,1148.65,1072200,1085.98,-0.021444684
02-08-2013,1159.8,1197.2,1155.65,1174.9,225500,1110.79,0.022588669
05-08-2013,1179,1205,1170,1187.85,461500,1123.04,0.01096782
06-08-2013,1189,1190,1157.9,1162.2,564300,1098.79,-0.02182972
07-08-2013,1175,1179.6,1151,1159.95,295800,1096.66,-0.001940377
08-08-2013,1155.1,1178.9,1155.1,1161.4,164600,1098.03,0.001248468
12-08-2013,1163.1,1173.3,1144,1168.4,177200,1104.65,0.006010878
13-08-2013,1169.8,1179.95,1148.1,1160.8,147000,1097.46,-0.006530124
14-08-2013,1157.05,1195,1151,1189.55,176300,1124.64,0.024464566
16-08-2013,1178.6,1189.9,1151,1158.9,236500,1095.67,-0.026096936
19-08-2013,1143.3,1146,1108.25,1124.5,304300,1063.14,-0.030139255
20-08-2013,1110,1111.85,1070.5,1075,578000,1016.34,-0.045018855
21-08-2013,1077.1,1096.7,1000,1006.25,385800,951.34,-0.066091701
22-08-2013,995.6,1020,983,999.25,372900,944.73,-0.006972345
23-08-2013,1000,1007.95,973.6,989.7,274700,935.7,-0.00960426
26-08-2013,1000,1018,995,1002,267100,947.33,0.012352589
27-08-2013,994,1005,937.95,942.8,312900,891.36,-0.060899115
28-08-2013,935,952,911.15,944.7,784900,893.15,0.002006154
29-08-2013,941.2,976.3,941,958.05,431300,905.77,0.014030871
30-08-2013,956.9,975.5,933,964.1,282000,911.49,0.006295212
02-09-2013,970,970,941.15,952,291200,900.06,-0.012619195
03-09-2013,961.7,963.85,927,930.5,290300,879.73,-0.022846386
04-09-2013,925.15,953.55,913.9,931.6,353100,880.77,0.001181483
05-09-2013,946,959.9,930,938.7,615300,887.48,0.007589461
06-09-2013,946,974.5,930.5,962.3,681200,909.79,0.024827818
10-09-2013,971.8,1030,970.1,1022.55,715300,966.76,0.060736471
11-09-2013,1025,1059.2,1018.45,1053.15,328900,995.69,0.02948569
12-09-2013,1060,1069.15,1020,1027.35,242600,971.29,-0.024810879
13-09-2013,1033,1052,1026.45,1043.7,420300,986.75,0.01579163
16-09-2013,1062.7,1070.05,1031,1044.4,300400,987.41,0.000668639
17-09-2013,1050,1064.2,1035,1059.8,457100,1001.97,0.014637988
18-09-2013,1058.15,1072.7,1054,1064.9,329700,1006.79,0.00479899
19-09-2013,1088.8,1131,1076.45,1097.95,708700,1038.04,0.030567268
20-09-2013,1097,1129,1060.6,1123.25,348300,1061.96,0.022781938
23-09-2013,1110.15,1138,1090.3,1111.15,390500,1050.52,-0.010830978
24-09-2013,1100.15,1125,1086.15,1098.5,183900,1038.56,-0.011450141
25-09-2013,1090.1,1106.75,1076.3,1095.05,261300,1035.3,-0.003143899
26-09-2013,1090,1117.75,1082.35,1095.3,382700,1035.54,0.00023179
27-09-2013,1100,1115,1093.1,1099.55,173600,1039.55,0.003864897
30-09-2013,1099.7,1117.75,1085.7,1111.95,195500,1051.28,0.011220542
01-10-2013,1119.25,1119.25,1092,1099.4,138800,1039.41,-0.011355225
03-10-2013,1109,1144.85,1102.45,1139.65,247400,1077.47,0.035962456
04-10-2013,1138.8,1145,1123.35,1132.45,291000,1070.66,-0.00634042
07-10-2013,1144,1144,1108.2,1124.15,849900,1062.81,-0.007358937
08-10-2013,1125,1142.7,1116.75,1128.6,528400,1067.02,0.003953372
09-10-2013,1125,1129.7,1110,1113,669000,1052.27,-0.013919981
10-10-2013,1117.5,1138.7,1117.5,1129.85,248900,1068.2,0.015025254
11-10-2013,1140,1146.55,1115.1,1127,82000,1065.51,-0.002521431
14-10-2013,1124,1161.95,1111.4,1153.6,237100,1090.65,0.023320291
15-10-2013,1159.9,1159.9,1125.5,1132.1,242500,1070.33,-0.018806837
17-10-2013,1132,1143.15,1123.6,1129.15,168800,1067.54,-0.002610076
18-10-2013,1135.8,1151,1124,1144.7,335200,1082.24,0.013676031
21-10-2013,1145,1165,1125,1149.6,373700,1086.87,0.004269038
22-10-2013,1137,1142.9,1130,1136.85,263700,1074.82,-0.0111488
23-10-2013,1125,1164,1103,1157.15,868700,1094.01,0.017696639
24-10-2013,1145.15,1160,1136.25,1154.45,352000,1091.46,-0.002333595
25-10-2013,1143,1147.9,1132.8,1136.75,142700,1074.72,-0.015456087
28-10-2013,1137.15,1155.3,1110.05,1112.65,236200,1051.94,-0.021424084
29-10-2013,1119.9,1158.05,1112.2,1149.95,353100,1087.2,0.032969505
30-10-2013,1152,1166.95,1138.55,1149.55,180000,1086.83,-0.000340382
31-10-2013,1144.1,1146.95,1127.1,1134.85,568100,1072.93,-0.012871978
01-11-2013,1138,1149.45,1130,1141.65,299700,1079.36,0.005975049
05-11-2013,1141.1,1144.1,1128.7,1139.35,136800,1077.18,-0.002021758
06-11-2013,1139,1139,1102.65,1111.65,223700,1050.99,-0.024613938
07-11-2013,1110.05,1128,1101,1116.55,262900,1055.63,0.004405168
08-11-2013,1110,1117.05,1085,1089.65,253600,1030.19,-0.024394494
11-11-2013,1085,1085,1047,1050.1,362200,992.8,-0.036969296
12-11-2013,1049.85,1059.7,1016.65,1022.95,451800,967.13,-0.026196311
13-11-2013,1021,1048.5,1020,1041.15,250700,984.34,0.017638443
14-11-2013,1047.2,1055,1026.2,1043.9,239400,986.94,0.002637881
18-11-2013,1053,1071,1042.5,1065.3,263200,1007.17,0.020290449
19-11-2013,1066,1073,1049.5,1056.5,203800,998.85,-0.00829508
20-11-2013,1050.55,1074,1050.55,1064.85,344100,1006.75,0.007877983
21-11-2013,1054.9,1066,1022,1030,328500,973.8,-0.033276656
22-11-2013,1035,1059.35,1032.15,1050.7,319800,993.37,0.019897259
25-11-2013,1055,1084,1055,1078.65,263400,1019.79,0.0262488
26-11-2013,1077.8,1094,1062.15,1068.4,1573800,1010.1,-0.009547388
27-11-2013,1075.35,1077.45,1059.95,1065.8,147700,1007.65,-0.002428449
28-11-2013,1070,1076,1059.95,1066.8,449400,1008.59,0.000932429
29-11-2013,1067,1099.95,1067,1096.6,272300,1036.77,0.027556795
02-12-2013,1098,1118.7,1087,1092.65,243400,1033.03,-0.00361388
03-12-2013,1091.95,1105.85,1081.3,1100.45,263700,1040.4,0.007109023
04-12-2013,1096.25,1107.9,1092.5,1101.95,241900,1041.82,0.001363929
05-12-2013,1119,1120,1102.6,1106.5,156600,1046.12,0.004118898
06-12-2013,1104,1121.5,1098.7,1115.95,225300,1055.06,0.008509556
09-12-2013,1140,1175,1125,1166.6,363900,1102.95,0.044390771
10-12-2013,1170.6,1183.9,1134.05,1150.45,291700,1087.68,-0.013941421
11-12-2013,1146,1158.75,1128.7,1135.65,164000,1073.68,-0.012954987
12-12-2013,1130,1133,1112,1120,170600,1058.89,-0.01387081
13-12-2013,1115.55,1118.65,1086.65,1091.85,206800,1032.27,-0.025460929
16-12-2013,1094.8,1106.9,1076.4,1087.35,157700,1028.02,-0.004125639
17-12-2013,1090.6,1098.15,1081,1090.1,162400,1030.62,0.002525941
18-12-2013,1092.25,1108.75,1085.15,1095.25,171900,1035.49,0.004714182
19-12-2013,1101,1106.5,1078.2,1082.25,350500,1023.2,-0.011939773
20-12-2013,1081.55,1099.75,1069,1097.25,175700,1037.38,0.013763333
23-12-2013,1091.7,1117,1091.7,1104.95,157100,1044.66,0.00699317
24-12-2013,1107,1132,1105,1109.65,219200,1049.1,0.00424118
26-12-2013,1117,1124,1101.95,1110.5,262900,1049.91,0.000771792
27-12-2013,1115.8,1129.9,1103.75,1122.45,225800,1061.2,0.010695897
30-12-2013,1122.15,1124,1091.95,1094.5,184600,1034.78,-0.0252115
31-12-2013,1099.75,1111.85,1095.3,1108.75,152400,1048.25,0.012933263
01-01-2014,1110,1115,1101.3,1108.45,66400,1047.97,-0.000267148
02-01-2014,1110.1,1122.15,1093,1097.6,310400,1037.71,-0.009838597
03-01-2014,1086.05,1094.5,1081.15,1088.95,186100,1029.53,-0.007913975
06-01-2014,1088,1094.6,1071.1,1085,144400,1025.8,-0.003629591
07-01-2014,1087.6,1094.2,1071.2,1085.2,297500,1025.99,0.000185204
08-01-2014,1080.1,1098,1077.1,1083.35,309000,1024.24,-0.001707126
09-01-2014,1085.65,1089.75,1050,1054,207400,996.49,-0.027467049
10-01-2014,1055,1057.9,1028.2,1034.25,196200,977.82,-0.0189135
13-01-2014,1034.8,1043,1026.15,1037.15,280100,980.56,0.002798233
14-01-2014,1038,1044.65,1017.5,1019.25,258700,963.64,-0.017406056
15-01-2014,1024,1035.9,1017,1029.35,206600,973.18,0.009851279
16-01-2014,1031.25,1048.75,1028.3,1032.35,300400,976.02,0.002914018
17-01-2014,1035,1044,1022.55,1027.65,190200,971.58,-0.004559466
20-01-2014,1029,1034,1016.55,1029.85,319500,973.66,0.002138554
21-01-2014,1034,1037,1023,1031.05,222600,974.79,0.001159896
22-01-2014,1028,1030,1018.6,1023.65,141400,967.8,-0.007196609
23-01-2014,1016.05,1027.7,1016.05,1020,273000,964.34,-0.003581525
24-01-2014,1020,1023.7,995.2,999.45,271000,944.92,-0.020343662
27-01-2014,990,990.95,976.1,984.2,164300,930.5,-0.015378192
28-01-2014,985.1,999.7,980,996.15,129900,941.8,0.012070862
29-01-2014,1000,1005.6,981.45,988.3,135900,934.37,-0.007920432
30-01-2014,980,991.7,970.15,982.6,316900,928.99,-0.005774531
31-01-2014,989.9,1016.7,982,1010.85,313000,955.69,0.028335618
03-02-2014,1004.05,1021.45,998.95,1003.9,243500,949.12,-0.006898353
04-02-2014,988.6,1014.4,988.6,1001.1,255300,946.48,-0.0027854
05-02-2014,1001.4,1012.5,991.2,1001,321700,946.38,-0.00010566
06-02-2014,1000.65,1024.9,991.1,1018.95,665600,963.35,0.017772614
07-02-2014,1016,1055,1006.35,1046.45,363700,989.35,0.026631369
10-02-2014,1048.1,1054.8,1031.3,1048.45,283100,991.24,0.001908523
11-02-2014,1052.5,1054,1040.35,1049.8,120900,992.52,0.001290479
12-02-2014,1055.1,1055.1,1035,1037.85,105700,981.22,-0.011450468
13-02-2014,1037.05,1044.05,1010.25,1014.4,156800,959.05,-0.022853484
14-02-2014,1015.8,1021.65,1001.75,1008.85,116400,953.8,-0.005489205
17-02-2014,1010,1018.75,1002,1010.15,114200,955.03,0.001288748
18-02-2014,1008,1025,1005,1019.9,168800,964.25,0.009607843
19-02-2014,1020,1035,1020,1025.8,152000,969.83,0.005770201
20-02-2014,1023,1023,1002.05,1007.9,64800,952.9,-0.017610832
21-02-2014,1006,1070,1003.1,1065.55,392100,1007.41,0.055627993
24-02-2014,1068,1080.4,1056.45,1070.1,261900,1011.71,0.004259288
25-02-2014,1073,1087.75,1073,1083.85,300600,1024.71,0.012767677
26-02-2014,1081,1096,1075.15,1090.7,202600,1031.19,0.006303829
28-02-2014,1085,1110,1085,1104.9,316400,1044.61,0.012930135
03-03-2014,1103.1,1113.8,1094,1099.5,147400,1039.51,-0.004894162
04-03-2014,1099.1,1141.1,1096.95,1133.35,205300,1071.51,0.03031942
05-03-2014,1136.1,1176.75,1111.6,1167.3,333800,1103.61,0.029517756
06-03-2014,1169.9,1218.7,1161,1212.1,453200,1145.96,0.037656089
07-03-2014,1215,1269.9,1202,1261.15,607700,1192.34,0.039675049
10-03-2014,1250.1,1285.3,1237.95,1266.9,392700,1197.77,0.004543732
11-03-2014,1268.1,1282.35,1237.55,1251.25,370600,1182.98,-0.012424816
12-03-2014,1247.7,1253,1221.15,1231.55,276900,1164.35,-0.015873687
13-03-2014,1236.95,1269.55,1233.3,1246.85,200000,1178.82,0.012350947
14-03-2014,1245,1255.8,1217.55,1248.8,301900,1180.66,0.001559666
18-03-2014,1250,1276,1245.1,1258.1,299500,1189.45,0.007417411
19-03-2014,1263.5,1293.9,1249.55,1284.5,551600,1214.41,0.020767347
20-03-2014,1283.35,1287.95,1254.15,1260.3,171100,1191.53,-0.019020167
21-03-2014,1267,1279.9,1258.25,1270.15,235500,1200.85,0.007791444
24-03-2014,1254.95,1294,1250,1282.6,272300,1231.03,0.024821578
25-03-2014,1283.7,1290.2,1266.4,1271.05,135600,1219.95,-0.009041343
26-03-2014,1283.5,1304,1280,1293.45,286300,1241.44,0.017462122
27-03-2014,1294,1322.1,1281.3,1313.1,550300,1260.3,0.015077792
28-03-2014,1315.95,1372.3,1308.3,1362.4,373900,1307.62,0.036858903
31-03-2014,1361,1407,1361,1399.55,320300,1343.28,0.026905693
01-04-2014,1400,1400,1371.5,1389.1,278100,1333.25,-0.007494814
02-04-2014,1394.9,1396.3,1345.8,1359.95,302600,1305.27,-0.021209655
03-04-2014,1369.8,1369.8,1348.65,1351.15,397500,1296.82,-0.006494802
04-04-2014,1351,1374.7,1336.5,1365.35,305600,1310.45,0.010455476
07-04-2014,1372.8,1391.9,1371,1379.3,282500,1323.84,0.010166015
09-04-2014,1384.8,1389.5,1366,1373.15,433400,1317.94,-0.004466693
10-04-2014,1376.4,1403,1360.1,1389.25,412400,1333.39,0.01165466
11-04-2014,1385.5,1399,1371,1391.5,169300,1335.55,0.00161862
15-04-2014,1392.05,1397,1356.3,1361.8,114300,1307.05,-0.021570503
16-04-2014,1361.8,1371,1326.2,1331.85,339400,1278.3,-0.022241619
17-04-2014,1333.25,1368.4,1318.1,1358.35,367000,1303.74,0.019705987
21-04-2014,1359.85,1369,1335.2,1350.8,294700,1296.49,-0.005576444
22-04-2014,1352.3,1358.2,1327.05,1336.65,212100,1282.91,-0.010529678
23-04-2014,1334,1356.6,1316.6,1347.05,867700,1292.89,0.007749088
25-04-2014,1340.1,1341.1,1288.15,1310.25,629900,1257.57,-0.027698735
28-04-2014,1300.1,1307,1277.2,1287.05,360500,1235.3,-0.017867432
29-04-2014,1290,1310,1277,1300.3,386800,1248.02,0.01024444
30-04-2014,1300.05,1316.9,1282.7,1293,366400,1241.01,-0.005632731
02-05-2014,1296.15,1305,1280,1285.75,138400,1234.05,-0.005624121
05-05-2014,1285.75,1287.25,1265.2,1277,252300,1225.66,-0.006821969
06-05-2014,1282.15,1305,1275,1291.35,358300,1239.43,0.011172122
07-05-2014,1282.15,1296.85,1267.05,1271.7,398800,1220.57,-0.015333634
08-05-2014,1275.25,1290,1261.1,1269.7,222400,1218.65,-0.001574274
09-05-2014,1267.95,1347.45,1265.05,1341.1,305700,1287.18,0.05471009
12-05-2014,1342.5,1368.9,1342.3,1353.5,270000,1299.08,0.009202543
13-05-2014,1360.1,1419,1360.1,1390.15,529200,1334.26,0.026720509
14-05-2014,1389.8,1398.7,1371,1388.05,318000,1332.24,-0.001515095
15-05-2014,1381.2,1399,1359.05,1377.1,271800,1321.73,-0.007920252
16-05-2014,1395,1459.9,1382.05,1430.15,790600,1372.65,0.037801693
19-05-2014,1437,1453.6,1410.2,1442.45,835300,1384.45,0.008559771
20-05-2014,1458.7,1458.7,1415.5,1422,229900,1364.83,-0.01427307
21-05-2014,1423,1439.95,1372,1380.45,364900,1324.95,-0.029655156
22-05-2014,1399,1408,1361,1389.4,319700,1333.54,0.006462338
23-05-2014,1386,1400,1370.3,1380.1,541400,1324.61,-0.006718984
26-05-2014,1381,1433.5,1311.85,1348.45,1580500,1294.23,-0.023202153
27-05-2014,1348.05,1357.8,1312.15,1330.55,190900,1277.05,-0.013363193
28-05-2014,1337,1398,1331.05,1381.25,422100,1325.71,0.037395434
29-05-2014,1394,1407.35,1352.05,1362.3,426700,1307.53,-0.013808304
30-05-2014,1362,1365.95,1321.1,1337,433000,1283.24,-0.018751732
02-06-2014,1347.7,1388.8,1332.8,1382.4,280300,1326.82,0.033396972
03-06-2014,1390,1429.5,1384.05,1417.05,389900,1360.08,0.02475842
04-06-2014,1420,1436.4,1410,1422.7,234000,1365.5,0.00397714
05-06-2014,1428,1459.65,1428,1439.25,544100,1381.38,0.011562338
06-06-2014,1446,1448.5,1424.65,1438.9,306600,1381.05,-0.00023892
09-06-2014,1444,1525.5,1441.1,1507.1,832000,1446.5,0.046302766
10-06-2014,1514.8,1515.45,1476.05,1499.55,650700,1439.26,-0.005017753
11-06-2014,1510,1514,1468.5,1484.1,251800,1424.43,-0.010357359
12-06-2014,1483,1489.8,1466.05,1477,226000,1417.61,-0.004799379
13-06-2014,1470.75,1506,1458.55,1474.75,280800,1415.46,-0.001517788
16-06-2014,1474,1493,1438,1486.3,310800,1426.54,0.007797365
17-06-2014,1486.4,1511,1467.75,1499.8,533800,1439.5,0.009043899
18-06-2014,1501.1,1520,1466,1475.2,448200,1415.89,-0.016537522
19-06-2014,1478.5,1499,1448.05,1455.05,162700,1396.55,-0.013753399
20-06-2014,1443,1465.3,1427.35,1438.6,201500,1380.76,-0.011370837
23-06-2014,1425.15,1477,1425,1471,305500,1411.86,0.022273912
24-06-2014,1482,1485,1460,1472,275300,1412.82,0.000679723
25-06-2014,1470,1477.4,1457,1469.95,169200,1410.85,-0.001395347
26-06-2014,1479.8,1479.8,1435,1450.05,281600,1391.75,-0.013630412
27-06-2014,1453.1,1472.1,1424,1429.7,166000,1372.22,-0.014132082
30-06-2014,1428,1484.5,1428,1469.25,227000,1410.18,0.02728749
01-07-2014,1471,1486.8,1460.35,1480.6,208900,1421.07,0.007692753
02-07-2014,1485.1,1503.65,1471.6,1498.4,294300,1438.15,0.011947456
03-07-2014,1500,1514.95,1476,1480.05,144700,1420.54,-0.012320484
04-07-2014,1476.15,1487.5,1421.1,1450.95,179400,1392.61,-0.019857397
07-07-2014,1447.9,1467,1445,1450.85,196000,1392.52,-6.46E-05
08-07-2014,1450,1467,1401.1,1418.55,253700,1361.51,-0.022520677
09-07-2014,1422,1448,1395,1435.55,314100,1377.83,0.01191542
10-07-2014,1435.1,1487.8,1411,1458.5,299800,1399.86,0.015862434
11-07-2014,1456.5,1461.8,1411.5,1424.7,248800,1367.42,-0.023446479
14-07-2014,1416.25,1429,1395.1,1398.3,211500,1342.08,-0.018705103
15-07-2014,1405,1426,1397.2,1419.65,302000,1362.57,0.015151973
16-07-2014,1422.25,1446.85,1411,1435.6,191600,1377.88,0.011173464
17-07-2014,1438,1479.5,1437.1,1477,244400,1417.61,0.028426269
18-07-2014,1478,1479,1450,1461.2,119900,1402.45,-0.010751648
21-07-2014,1455.5,1494.9,1445,1483.75,244000,1424.09,0.015312306
22-07-2014,1490,1500,1475,1489.05,135400,1429.18,0.00356784
23-07-2014,1493.25,1498,1450.5,1453.85,156300,1395.4,-0.023919741
24-07-2014,1455.4,1473.4,1429,1463.45,468600,1404.61,0.006578572
25-07-2014,1464.9,1469,1429.95,1440,169200,1382.1,-0.016155603
28-07-2014,1429,1437.9,1393.05,1402.85,279800,1360.62,-0.015663603
30-07-2014,1401.8,1411.95,1388.2,1409.25,354600,1366.83,0.004553712
31-07-2014,1401.05,1418.5,1388.6,1395.9,548900,1353.88,-0.009519646
01-08-2014,1385,1394.9,1370,1375.55,829000,1334.14,-0.014687655
04-08-2014,1380,1390.7,1358.05,1374.5,313700,1333.12,-0.00076483
05-08-2014,1376,1451.15,1375.15,1441.5,434000,1398.11,0.047599265
06-08-2014,1440,1448,1421.15,1431.2,333400,1388.12,-0.007171011
07-08-2014,1442.9,1488.7,1432,1473.75,686300,1429.38,0.02929047
08-08-2014,1460,1464.9,1432.5,1439.65,250900,1396.31,-0.023407741
11-08-2014,1449.4,1456.35,1438.3,1447.95,150800,1404.36,0.00574864
12-08-2014,1447.8,1473.5,1445.5,1464.65,229900,1420.56,0.011469477
13-08-2014,1460,1483,1440,1452.4,233500,1408.68,-0.008398064
14-08-2014,1453,1486,1453,1480.85,180800,1436.27,0.01939638
18-08-2014,1479.8,1516.8,1471.95,1508.65,263800,1463.23,0.018596846
19-08-2014,1518,1538.7,1499.1,1523.95,524700,1478.07,0.010090862
20-08-2014,1529.15,1549.75,1518.2,1525.4,411200,1479.48,0.000953492
21-08-2014,1525,1536,1515.15,1525.6,439900,1479.67,0.000128415
22-08-2014,1526,1530.5,1510,1520.4,220000,1474.63,-0.003411979
25-08-2014,1520.4,1547.9,1513.15,1531.7,562600,1485.59,0.007404889
26-08-2014,1531.1,1531.1,1473.25,1491.4,390200,1446.5,-0.026665154
27-08-2014,1499.8,1509.9,1481.15,1502.75,228000,1457.51,0.007582655
28-08-2014,1505,1506.8,1487,1492.55,190800,1447.62,-0.006808672
01-09-2014,1495.25,1518.95,1495.25,1499.55,211600,1454.41,0.004679492
02-09-2014,1495,1561.05,1495,1551.9,617300,1505.18,0.034312172
03-09-2014,1560,1564.65,1540.65,1546.75,468400,1500.19,-0.003320726
04-09-2014,1545.1,1549.8,1511,1525.45,372100,1479.53,-0.013867297
05-09-2014,1532.9,1544,1511.9,1521.75,274400,1475.94,-0.002429395
08-09-2014,1537,1556.8,1522.1,1549.65,337400,1503,0.018168036
09-09-2014,1547.1,1560.5,1527,1545.1,385700,1498.59,-0.002938445
10-09-2014,1536,1552.2,1521.3,1532.25,350300,1486.12,-0.008355969
11-09-2014,1525.1,1540,1518,1532.05,324500,1485.93,-0.000127858
12-09-2014,1539,1541.5,1518,1534.25,270000,1488.06,0.001432419
15-09-2014,1528,1528.7,1503.6,1512.65,314100,1467.11,-0.014178779
16-09-2014,1503.1,1522,1474,1483,353000,1438.36,-0.019790904
17-09-2014,1490,1499.65,1468.8,1495.35,233000,1450.33,0.008287541
18-09-2014,1490,1514.95,1486,1509,400700,1463.57,0.00908754
19-09-2014,1509,1520,1497,1505.05,466400,1459.74,-0.002620319
22-09-2014,1495,1500,1476.2,1493.55,373000,1448.59,-0.007667668
23-09-2014,1488.1,1495.9,1457.5,1464.1,236200,1420.03,-0.019912671
24-09-2014,1460.25,1472.9,1417.8,1430.2,441700,1387.15,-0.023426716
25-09-2014,1431.1,1444.7,1390.2,1399.05,343900,1356.93,-0.022026487
26-09-2014,1396.7,1442.85,1385.3,1435.15,360300,1391.95,0.025480847
29-09-2014,1435.3,1446.9,1415.4,1438.5,129500,1395.2,0.002332132
30-09-2014,1437,1456.4,1393.5,1399.55,397500,1357.42,-0.027451935
01-10-2014,1409.8,1414.95,1387.2,1391.65,213800,1349.76,-0.00565904
07-10-2014,1377.95,1391.8,1354.65,1369.6,472800,1328.37,-0.015974172
08-10-2014,1357.1,1385.95,1357.1,1380.2,249100,1338.65,0.007709017
09-10-2014,1386.4,1433,1386.2,1429.05,329100,1386.03,0.034781902
10-10-2014,1415.5,1416.95,1395.05,1403.3,322600,1361.06,-0.018179738
13-10-2014,1385,1398.4,1373,1386.95,185400,1345.2,-0.011721107
14-10-2014,1400,1401.35,1376.5,1383.3,243500,1341.66,-0.002635048
16-10-2014,1379.5,1391.95,1369.95,1376.3,437900,1334.87,-0.005073744
17-10-2014,1385,1416.75,1375.7,1406.85,333900,1364.5,0.021954152
20-10-2014,1407,1434,1405.15,1424.2,186400,1381.33,0.012258742
21-10-2014,1430,1454.9,1428.1,1445.35,220600,1401.84,0.014738856
22-10-2014,1455,1480.7,1444.5,1474,251300,1429.63,0.01963001
27-10-2014,1485.1,1485.1,1458.05,1460.1,240500,1416.15,-0.009473748
28-10-2014,1465,1480,1464.05,1469.8,226100,1425.55,0.006615782
29-10-2014,1480,1489.65,1468.8,1483.95,183400,1439.28,0.009585284
30-10-2014,1488,1509,1475.6,1496.95,627300,1451.89,0.008723167
31-10-2014,1505.1,1509,1491.45,1499.25,373900,1454.12,0.001534751
03-11-2014,1500,1509,1483,1491.2,247900,1446.31,-0.005385421
05-11-2014,1490.1,1497,1481.6,1485.8,278700,1441.07,-0.003629592
07-11-2014,1490,1523.55,1490,1508.75,349900,1463.33,0.015328767
10-11-2014,1514,1519.9,1491.75,1499.25,215700,1454.12,-0.006313754
11-11-2014,1507,1518.9,1502.05,1513.2,261300,1467.65,0.009261575
12-11-2014,1515,1531.6,1511.35,1514.1,276200,1468.52,0.000592609
13-11-2014,1517.2,1518.7,1496.95,1501.95,289600,1456.74,-0.008054028
14-11-2014,1502.5,1517,1495,1510.85,250600,1465.37,0.005906708
17-11-2014,1503,1511.8,1489,1496.6,227800,1451.55,-0.009475819
18-11-2014,1497,1508.8,1485.3,1487,240500,1442.24,-0.00643449
19-11-2014,1487,1496,1456,1463.05,184100,1419.01,-0.016238015
20-11-2014,1463.4,1465.8,1438.15,1446.35,177100,1402.81,-0.011482078
21-11-2014,1447.75,1483.25,1447,1464.95,317300,1420.85,0.012777916
24-11-2014,1465.15,1476,1447,1451.25,337600,1407.56,-0.009397575
25-11-2014,1446,1453.95,1416.5,1422.2,363300,1379.39,-0.020216336
26-11-2014,1416,1459.7,1416,1438.45,224100,1395.15,0.011360564
27-11-2014,1444.4,1458.5,1426.3,1437.55,440600,1394.27,-0.000630956
28-11-2014,1440,1480,1440,1475.35,373400,1430.94,0.02596059
01-12-2014,1476,1479.7,1461.15,1470.95,137700,1426.67,-0.002988514
02-12-2014,1471,1490.9,1463.3,1479,317300,1434.48,0.005459357
03-12-2014,1479.05,1491,1464.65,1478.2,295100,1433.7,-0.000543899
04-12-2014,1482,1489.9,1469,1476.25,118700,1431.81,-0.001319137
05-12-2014,1472.1,1510.65,1466.6,1497.15,431000,1452.08,0.014057633
08-12-2014,1502.4,1517,1465.7,1478.15,367800,1433.65,-0.012773371
09-12-2014,1470.5,1474.7,1420.35,1430.6,668700,1387.53,-0.032698452
10-12-2014,1438.7,1439.7,1416,1432.1,510300,1388.99,0.001051676
11-12-2014,1432,1435,1411.1,1428.35,473000,1385.35,-0.002624049
12-12-2014,1429,1440.8,1421.35,1429.95,366000,1386.9,0.001118225
15-12-2014,1430,1447.95,1425.1,1435,305100,1391.8,0.003526833
16-12-2014,1426.2,1431.5,1383.95,1391.95,447400,1350.05,-0.030456245
17-12-2014,1381,1397.45,1364.1,1369.6,473100,1328.37,-0.016189002
18-12-2014,1376,1401.4,1371.15,1379.95,306600,1338.41,0.007529716
19-12-2014,1387,1400.4,1376,1380.4,514900,1338.85,0.000328694
22-12-2014,1385.1,1388.55,1376.45,1383.5,346900,1341.85,0.002238222
23-12-2014,1384,1393.95,1376.2,1381.6,516300,1340.01,-0.001372182
24-12-2014,1385.1,1409,1381,1393.4,812400,1351.45,0.008501013
26-12-2014,1393.4,1411.3,1386,1393.5,137900,1351.55,7.40E-05
29-12-2014,1403.8,1410,1396.05,1399.2,347200,1357.08,0.004083251
30-12-2014,1399.2,1405,1390.1,1398,294100,1355.92,-0.000855142
31-12-2014,1395,1410,1395,1400.15,320200,1358,0.001532838
01-01-2015,1400.15,1411,1397.95,1403.55,101000,1361.3,0.002427096
02-01-2015,1406.4,1431,1405.55,1425.9,153300,1382.98,0.015800466
05-01-2015,1425,1439.75,1423.75,1433.65,207900,1390.49,0.005415612
06-01-2015,1425,1428.95,1370.55,1383.55,368700,1341.9,-0.035569683
07-01-2015,1382,1384.95,1336.2,1367.45,301800,1326.28,-0.011708489
08-01-2015,1378,1396.65,1373.25,1391.4,94300,1349.51,0.017363533
09-01-2015,1397.8,1410.95,1378,1398.5,275700,1356.4,0.005092568
12-01-2015,1400,1409.25,1390.1,1404.6,158600,1362.32,0.004354997
13-01-2015,1411.4,1457.9,1405.25,1441.7,442200,1398.3,0.026068084
14-01-2015,1448,1484.95,1445,1478.35,518400,1433.85,0.025105921
15-01-2015,1496.5,1525,1472,1514.4,943800,1468.81,0.024089415
16-01-2015,1514.5,1528.9,1499.5,1518.35,348800,1472.64,0.002604159
19-01-2015,1521.9,1537,1510.6,1532.9,342600,1486.75,0.009535821
20-01-2015,1534.55,1550,1531.35,1544.3,410400,1497.81,0.007411512
21-01-2015,1548,1550,1531.85,1544.45,298700,1497.96,0.000100141
22-01-2015,1544,1563.2,1530,1558.8,401500,1511.87,0.009243113
23-01-2015,1569,1569,1532.05,1542.05,426900,1495.63,-0.010799772
27-01-2015,1540.15,1545.05,1503.65,1528.7,594800,1482.68,-0.008696262
28-01-2015,1527.45,1555,1515.55,1543.8,375700,1497.33,0.009832261
29-01-2015,1544.9,1590,1535.3,1582.95,631000,1535.3,0.02504228
30-01-2015,1595,1595,1538.1,1560.45,388800,1513.47,-0.014320774
02-02-2015,1554.9,1556.7,1513.15,1524.95,246300,1479.04,-0.023011799
03-02-2015,1529.7,1570.5,1499.4,1508.6,1341300,1463.19,-0.010774245
04-02-2015,1511.95,1523.6,1490,1495.85,330100,1450.82,-0.00849007
05-02-2015,1494,1530,1487,1504.55,557400,1459.26,0.005800544
06-02-2015,1503,1525,1481.45,1507.2,275000,1461.83,0.001759618
09-02-2015,1501.45,1515.5,1489.55,1508.85,263200,1463.43,0.00109392
10-02-2015,1502.9,1567.8,1492.8,1562.65,582000,1515.61,0.035035003
11-02-2015,1567,1574.8,1546.3,1552.6,489800,1505.86,-0.006453835
12-02-2015,1567.45,1614.3,1560.65,1595.2,875300,1547.18,0.027069755
13-02-2015,1608,1637.55,1605,1625.05,542300,1576.13,0.018538556
16-02-2015,1632.4,1645,1605.1,1614.45,327800,1565.85,-0.006543668
18-02-2015,1614.7,1658.7,1611.1,1653.3,471400,1603.53,0.023778642
19-02-2015,1662.4,1665,1602.7,1615.15,337600,1566.53,-0.023344467
20-02-2015,1623.4,1625.15,1600,1620.4,288900,1571.62,0.003243952
23-02-2015,1628,1634.95,1609,1615.95,304400,1567.3,-0.002752541
24-02-2015,1617.8,1634.5,1602.7,1618,226900,1569.29,0.001268894
25-02-2015,1626.2,1672,1614.1,1655.75,391700,1605.91,0.023067286
26-02-2015,1658.1,1664,1620,1639.9,466600,1590.53,-0.00962328
27-02-2015,1648,1705,1641,1673.45,2276500,1623.07,0.020252124
02-03-2015,1680,1774.3,1678.2,1762.8,937300,1709.73,0.052016046
03-03-2015,1764,1773.9,1747.55,1758.3,466300,1705.37,-0.002553367
04-03-2015,1765,1774.65,1715,1725.15,423100,1673.22,-0.019032182
05-03-2015,1725.6,1729,1675,1698.65,606800,1647.51,-0.015484856
09-03-2015,1686,1689.8,1647.3,1660.1,202400,1610.13,-0.022950136
10-03-2015,1661,1677,1633,1650.15,274700,1600.47,-0.006017585
11-03-2015,1650,1669,1630.2,1639.7,261000,1590.34,-0.006349506
12-03-2015,1626.8,1659.9,1621.25,1648,291800,1617.13,0.016705143
13-03-2015,1658.9,1664.05,1615,1616,405200,1585.73,-0.019608104
16-03-2015,1621,1621,1581.05,1587.55,209600,1557.81,-0.01776388
17-03-2015,1591.05,1619,1574.95,1613,303900,1582.78,0.015901806
18-03-2015,1622,1628.95,1579,1583.35,334900,1553.69,-0.018550048
19-03-2015,1592.4,1610,1563.1,1568.5,217300,1539.12,-0.009421922
20-03-2015,1572.4,1588,1548.1,1569.75,273600,1540.34,0.000792347
23-03-2015,1570.5,1593.4,1549.1,1586.75,170300,1557.03,0.010776989
24-03-2015,1585,1604,1574.7,1583.05,211800,1553.39,-0.002340521
25-03-2015,1589.9,1596.8,1571.5,1581.7,165400,1552.07,-0.000850116
26-03-2015,1565.5,1590.7,1553.5,1579.55,691500,1549.96,-0.0013604
27-03-2015,1585.25,1596.75,1538,1549.45,224800,1520.42,-0.019242512
30-03-2015,1554,1594.7,1550.1,1582.65,238100,1553,0.021201932
31-03-2015,1590.2,1594.9,1555.05,1562.75,217200,1533.47,-0.012655403
01-04-2015,1563.7,1591.3,1553.2,1585.9,176000,1556.19,0.014707385
06-04-2015,1588,1629.95,1582.05,1617.4,326400,1587.1,0.019667925
07-04-2015,1621.4,1659.8,1603.8,1650.3,393700,1619.38,0.020134908
08-04-2015,1656.3,1676.85,1630.25,1636.2,301000,1605.55,-0.008576983
09-04-2015,1649,1649,1607.95,1622.45,246900,1592.06,-0.008437602
10-04-2015,1624,1647.8,1620,1636.05,175800,1605.4,0.008344172
13-04-2015,1635,1649.45,1588.1,1596.2,385400,1566.3,-0.024656797
15-04-2015,1614,1630.95,1608.25,1614.55,623600,1584.3,0.011426519
16-04-2015,1614.4,1617.95,1545.15,1564.2,501000,1534.9,-0.031677437
17-04-2015,1563.95,1564,1505,1521.65,430100,1493.14,-0.027583947
20-04-2015,1521.8,1552.2,1505.05,1529.75,371200,1501.09,0.005310226
21-04-2015,1532,1539,1490.15,1496.15,325300,1468.12,-0.02220884
22-04-2015,1496.25,1564.9,1487.6,1557.3,333000,1528.13,0.040062095
23-04-2015,1560,1575,1511.4,1518.6,237300,1490.15,-0.02516798
24-04-2015,1519.8,1545.75,1502.7,1531.6,401500,1502.91,0.008526443
27-04-2015,1539.95,1539.95,1481.25,1493.95,252200,1465.96,-0.024892911
28-04-2015,1488.9,1523,1477.9,1514.5,369300,1486.13,0.013665108
29-04-2015,1514.5,1546.95,1479.55,1484.45,257300,1456.64,-0.020043012
30-04-2015,1480.1,1486.2,1428.1,1433.7,626000,1406.84,-0.034786359
04-05-2015,1441,1482,1434,1474.6,313900,1446.98,0.028132571
05-05-2015,1475,1478.65,1452.1,1471.4,1054700,1443.84,-0.002172395
06-05-2015,1466,1469.95,1406.5,1413.3,270100,1386.82,-0.040292875
07-05-2015,1414.2,1460.95,1386.55,1451.95,333400,1424.75,0.026983003
08-05-2015,1455.25,1473,1434.5,1448.5,301100,1421.37,-0.002375164
11-05-2015,1455.1,1509.2,1446.5,1498.95,348800,1470.87,0.034232867
12-05-2015,1497.1,1500,1443,1449.95,367100,1422.79,-0.03323433
13-05-2015,1459,1484,1447.65,1472.75,280500,1445.16,0.015600309
14-05-2015,1471.9,1479.6,1457,1474.85,145400,1447.22,0.001424433
15-05-2015,1478.95,1488.95,1464.35,1472.15,165400,1444.57,-0.001832775
18-05-2015,1477.6,1516.9,1471,1509.85,167700,1481.57,0.025290637
19-05-2015,1510,1519,1485.1,1497.75,234100,1469.69,-0.008050842
20-05-2015,1502.9,1516,1494.55,1502.9,197600,1474.75,0.00343699
21-05-2015,1507.7,1534.8,1498.55,1527.55,268500,1498.93,0.016263036
22-05-2015,1527.55,1541.85,1515,1519.2,209400,1490.74,-0.005478879
25-05-2015,1520,1523.7,1488.3,1495.45,228000,1467.44,-0.015753255
26-05-2015,1498.9,1502.35,1472.95,1482.1,276100,1454.34,-0.008967197
27-05-2015,1480,1493.8,1453.1,1463.95,340100,1436.53,-0.012321706
28-05-2015,1467.9,1490,1462,1470.7,249700,1443.15,0.004597741
29-05-2015,1474.6,1528,1473.9,1512.4,401100,1484.07,0.027960089
01-06-2015,1515,1532,1499,1516.35,227600,1487.94,0.0026043
02-06-2015,1515,1520.15,1470,1481.2,346500,1453.45,-0.023452572
03-06-2015,1480,1483.1,1447.2,1460,416900,1432.65,-0.014414165
04-06-2015,1461.6,1474.8,1436.1,1466.9,196900,1439.42,0.004714379
05-06-2015,1458,1461.7,1430,1434.5,539000,1407.63,-0.022332816
08-06-2015,1434.5,1443,1420.1,1429.55,536400,1402.77,-0.003458586
09-06-2015,1421,1446,1421,1441.1,204500,1414.1,0.008044433
10-06-2015,1436.5,1451,1430,1436.4,194300,1409.49,-0.003265349
11-06-2015,1441.25,1452.15,1403,1407.7,231500,1381.33,-0.020181134
12-06-2015,1407,1408.1,1376.1,1402.15,164300,1375.88,-0.003953277
15-06-2015,1404,1413.4,1366.2,1370.25,248700,1344.58,-0.02301183
16-06-2015,1366.25,1392.85,1366.25,1387.5,222700,1361.51,0.012512681
17-06-2015,1392.35,1427.8,1380.4,1410.6,322000,1384.18,0.016513529
18-06-2015,1413.3,1422.6,1404,1413.75,263100,1387.27,0.002229881
19-06-2015,1417.55,1432.95,1416.35,1425.15,185700,1398.45,0.008026693
22-06-2015,1425.1,1439,1422.15,1427.45,244000,1400.71,0.00161477
23-06-2015,1427.45,1453.65,1418.6,1447.15,196200,1420.04,0.013705789
24-06-2015,1452.5,1459,1405.55,1410.65,280400,1384.22,-0.025548236
25-06-2015,1410,1419,1396.8,1407.75,397700,1381.38,-0.002053805
26-06-2015,1407.9,1437.7,1403.1,1420.85,318500,1394.23,0.009259292
29-06-2015,1408,1415,1375.55,1411.75,230400,1385.3,-0.006425569
30-06-2015,1404,1450,1402.55,1444.55,226100,1417.49,0.022970979
01-07-2015,1440.1,1471.9,1426.5,1465.75,303500,1438.29,0.014567206
02-07-2015,1467.55,1480,1465.4,1471.55,189400,1443.98,0.003948282
03-07-2015,1466,1487,1462.2,1480.4,190600,1452.67,0.006000053
06-07-2015,1468.7,1511,1464.45,1504.95,256600,1476.76,0.016447256
07-07-2015,1500.1,1515.55,1492.95,1500.1,253000,1472,-0.003228479
08-07-2015,1493,1493,1458.2,1467.7,212300,1440.21,-0.021833084
09-07-2015,1475,1498,1470.25,1485.05,147300,1457.23,0.011748437
10-07-2015,1490.25,1500,1465,1472.2,230000,1444.62,-0.008691062
13-07-2015,1467.25,1486.5,1466,1475.05,293300,1447.42,0.00193635
14-07-2015,1476.8,1489.25,1463,1478.45,285800,1450.75,0.002298003
15-07-2015,1483.8,1510.5,1477.3,1496.95,284600,1468.91,0.012439965
16-07-2015,1500,1508.2,1486.65,1496.9,193500,1468.86,-3.40E-05
17-07-2015,1490,1509,1468.05,1486,488400,1458.16,-0.007311223
20-07-2015,1436.1,1463.95,1431,1455.1,610600,1427.84,-0.021012554
21-07-2015,1455.1,1472.9,1435,1439.6,318700,1412.63,-0.010709598
22-07-2015,1432.5,1448,1422.5,1437.2,316500,1421.14,0.006006151
23-07-2015,1442,1448,1422.2,1424.4,254200,1408.48,-0.008948258
24-07-2015,1428,1428.4,1403.8,1408.8,260700,1393.05,-0.011015521
27-07-2015,1404,1406.25,1366,1369.25,322600,1353.95,-0.028469342
28-07-2015,1371.7,1384.8,1357,1359.15,276900,1343.96,-0.007405766
29-07-2015,1368.45,1374.8,1350,1369.95,331300,1354.64,0.007915257
30-07-2015,1379.7,1381.1,1360.15,1371.15,839300,1355.82,0.000870701
31-07-2015,1375,1393,1368.25,1387.4,314000,1371.89,0.011782914
03-08-2015,1384.8,1405.95,1376.1,1391.6,341200,1376.05,0.003027725
04-08-2015,1403.7,1403.7,1366,1377.2,209100,1361.81,-0.010402379
05-08-2015,1380,1398,1376,1381.75,205200,1366.31,0.003298978
06-08-2015,1382,1417,1379.7,1405.35,271300,1389.64,0.016931045
07-08-2015,1407.9,1413.55,1392.25,1399.65,279100,1384.01,-0.004059638
10-08-2015,1398,1408.95,1375.2,1385.75,219200,1370.26,-0.00998458
11-08-2015,1384.9,1385.35,1361,1374.25,262500,1358.89,-0.008332313
12-08-2015,1370,1373.65,1356,1366,399800,1350.73,-0.006023003
13-08-2015,1370,1378.8,1355.05,1364.55,356400,1349.3,-0.001059248
14-08-2015,1367,1385.9,1365,1372.05,255500,1356.71,0.005476712
17-08-2015,1378,1384.9,1362,1367.35,239200,1352.07,-0.0034259
18-08-2015,1370.2,1393.5,1369,1387.35,144000,1371.84,0.014516153
19-08-2015,1393,1454.35,1390,1446.9,462100,1430.73,0.042031899
20-08-2015,1440.1,1442.45,1407.05,1411,328600,1395.23,-0.025125527
21-08-2015,1405,1423,1380.4,1406.45,242700,1390.73,-0.003230487
24-08-2015,1375,1384,1355,1367.15,459500,1351.87,-0.02833997
25-08-2015,1376,1394.7,1320,1362.1,524500,1346.88,-0.003698013
26-08-2015,1362.15,1382.7,1352.05,1360.4,345300,1345.19,-0.00125554
27-08-2015,1370.4,1385,1324.25,1369.95,692600,1354.64,0.007000469
28-08-2015,1387.9,1387.9,1358,1362.8,211300,1347.57,-0.005232766
31-08-2015,1362.8,1365,1326.85,1334.85,423900,1319.93,-0.020724266
01-09-2015,1321,1343.9,1317.15,1332.2,358300,1317.31,-0.001986926
02-09-2015,1349.8,1368.5,1338.15,1356.35,327600,1341.19,0.017965501
03-09-2015,1361.1,1398.6,1361.1,1394.55,301400,1378.96,0.027772312
04-09-2015,1394.55,1398.85,1333.2,1345.4,413000,1330.36,-0.03588001
07-09-2015,1359.9,1359.9,1333.4,1344.95,116400,1329.92,-0.000330792
08-09-2015,1348,1354.25,1330,1345.8,229100,1330.76,0.000631418
09-09-2015,1360,1385.6,1354,1380.05,349200,1364.62,0.025125794
10-09-2015,1367.25,1385,1346.1,1378.9,182300,1363.49,-0.000828412
11-09-2015,1381,1394.7,1360,1366.55,128400,1351.28,-0.008995298
14-09-2015,1367.5,1397.95,1365,1388.65,132600,1373.13,0.016040514
15-09-2015,1385,1392.6,1371.7,1379.5,87700,1364.08,-0.006612597
16-09-2015,1385,1398.6,1373.25,1377.3,115700,1361.91,-0.001592082
18-09-2015,1386,1408,1366.1,1375.2,305400,1359.83,-0.001528434
21-09-2015,1364.45,1390,1358.15,1383.4,131000,1367.94,0.005946267
22-09-2015,1389,1397,1340.35,1353.55,209900,1338.42,-0.021816145
23-09-2015,1335,1355.7,1328.3,1345.65,172500,1330.61,-0.00585233
24-09-2015,1343.1,1371.5,1325,1343.05,371900,1328.04,-0.001933313
28-09-2015,1343.5,1356.6,1333.5,1336.75,158600,1321.81,-0.004702162
29-09-2015,1325,1344.95,1301.5,1327.45,288600,1312.61,-0.006984488
30-09-2015,1340,1355,1324.65,1346.75,200700,1331.7,0.0144388
01-10-2015,1354.5,1375,1352,1363.1,145200,1347.86,0.012061828
05-10-2015,1372.2,1378,1362.1,1369.7,176600,1354.39,0.004833019
06-10-2015,1377,1380,1343,1350.4,286000,1335.31,-0.014187694
07-10-2015,1353.5,1357,1329.2,1352.25,249000,1337.14,0.00136953
08-10-2015,1354,1361.5,1345,1356.2,206300,1341.04,0.002912428
09-10-2015,1363.2,1384.8,1342,1347.35,200400,1332.29,-0.006546166
12-10-2015,1350,1359.95,1340.6,1344.35,209200,1329.32,-0.002231733
13-10-2015,1344.35,1358,1343,1352.2,225600,1337.09,0.005828077
14-10-2015,1352,1378,1351.9,1376.25,233600,1360.87,0.01762859
15-10-2015,1383.8,1395.3,1368.5,1371.25,186900,1355.92,-0.00364401
16-10-2015,1375,1399.9,1365.2,1393,153600,1377.43,0.015739253
19-10-2015,1398.5,1407,1383.5,1395.95,373600,1380.35,0.002117646
20-10-2015,1382.35,1388.8,1374.55,1379.3,298100,1363.88,-0.012003511
21-10-2015,1360,1387,1357.15,1378.95,424400,1363.54,-0.00024932
23-10-2015,1394,1403,1381,1400.2,248900,1384.55,0.015290918
26-10-2015,1405,1407.45,1385.25,1393.75,172600,1378.17,-0.004618645
27-10-2015,1390,1398,1380.05,1385.8,179100,1370.31,-0.005719541
28-10-2015,1385.9,1405,1371.3,1401.05,232300,1385.39,0.010944697
29-10-2015,1395,1397.5,1376,1385.4,174800,1369.91,-0.011236644
30-10-2015,1398.7,1398.7,1372.15,1379.6,256700,1364.18,-0.004191529
02-11-2015,1373.25,1405,1362.9,1398.4,171800,1382.77,0.013535218
03-11-2015,1405,1434,1404.95,1425.9,427300,1409.96,0.019472601
04-11-2015,1440,1443,1397.9,1405.7,226200,1389.99,-0.014264782
05-11-2015,1410,1410,1381.25,1388.75,135700,1373.23,-0.012130924
06-11-2015,1388,1392.65,1371.1,1384.05,74800,1368.58,-0.003391923
09-11-2015,1359.15,1373.8,1343.5,1367.7,144000,1352.41,-0.01188552
10-11-2015,1359,1372.6,1314.35,1322.1,242300,1307.32,-0.033908946
13-11-2015,1321.5,1333.95,1314.2,1326.7,210900,1311.87,0.00347436
16-11-2015,1324.9,1331,1300.8,1324.45,279900,1309.65,-0.001693674
17-11-2015,1330,1337.95,1315,1325.5,150100,1310.68,0.000786161
18-11-2015,1324,1340.55,1322,1334.3,191500,1319.39,0.006623422
19-11-2015,1336,1343.9,1328.4,1332.85,175300,1317.95,-0.001092009
20-11-2015,1333,1349.45,1331.2,1339.75,299400,1324.77,0.00516136
23-11-2015,1340,1346.5,1335.65,1343.6,173200,1328.58,0.002871843
24-11-2015,1343.8,1359.3,1337,1341.5,288900,1326.51,-0.001559269
26-11-2015,1347.9,1360,1328.25,1355.95,208400,1340.79,0.010707559
27-11-2015,1357.3,1365.4,1340.2,1353.2,118200,1338.07,-0.002030715
30-11-2015,1356.9,1359.5,1340,1345,319100,1329.97,-0.006071892
01-12-2015,1349,1364.25,1347.15,1357.9,146500,1342.72,0.009541022
02-12-2015,1362.5,1373.15,1355,1359.85,152600,1344.65,0.001436349
03-12-2015,1356,1363.3,1348.35,1350.1,159800,1335.01,-0.007194974
04-12-2015,1340,1342.65,1332.3,1334.85,228400,1319.93,-0.011360078
07-12-2015,1336.45,1355.95,1335.5,1353.45,150300,1338.32,0.013836391
08-12-2015,1348.7,1351.05,1332.6,1339.2,143400,1324.23,-0.010583938
09-12-2015,1340,1340.05,1307.9,1313.75,231600,1299.07,-0.019182535
10-12-2015,1316,1330,1305.4,1324.45,184500,1309.65,0.008111302
11-12-2015,1325.5,1343,1310.85,1319.4,287300,1304.65,-0.00382512
14-12-2015,1315,1345,1312,1341.8,107700,1326.8,0.016835223
15-12-2015,1343.25,1344.95,1325.75,1337.65,107600,1322.7,-0.003094926
16-12-2015,1349.5,1354.95,1338,1349.1,195000,1334.02,0.008521838
17-12-2015,1351.9,1364.8,1349.95,1356.2,166000,1341.04,0.005248492
18-12-2015,1354.9,1359,1338.25,1349,288600,1333.92,-0.005323457
21-12-2015,1346.1,1357,1343.1,1353,113000,1337.88,0.002964296
22-12-2015,1349.5,1359.6,1341.9,1348.9,115800,1333.82,-0.003039266
23-12-2015,1356.7,1360.1,1338.15,1342.05,112900,1327.05,-0.005088572
24-12-2015,1347.75,1354.9,1340,1344.15,128600,1329.13,0.001566159
28-12-2015,1345,1353,1326.3,1330.85,167100,1315.97,-0.009950557
29-12-2015,1334.8,1354,1328.2,1350.45,163600,1335.36,0.014626882
30-12-2015,1349,1359.5,1345,1349.8,83400,1334.71,-0.000486879
31-12-2015,1345,1370,1344.3,1360.65,245300,1345.44,0.008007057
01-01-2016,1362,1380.4,1360,1373.65,161900,1358.3,0.009512821
04-01-2016,1368.4,1378.2,1332,1344,158200,1328.98,-0.021822187
05-01-2016,1345,1355.5,1338.8,1341.3,126300,1326.31,-0.00201108
06-01-2016,1348,1348,1317.75,1320.35,316200,1305.59,-0.015745604
07-01-2016,1317.75,1318.5,1293,1300.5,301000,1285.96,-0.015149525
08-01-2016,1302.9,1308.4,1275,1295.8,161700,1281.32,-0.003614725
11-01-2016,1287.8,1303,1272.2,1297.55,142600,1283.05,0.001349259
12-01-2016,1295.25,1301,1275,1280.4,105900,1266.09,-0.013306645
13-01-2016,1290,1294,1266.5,1281.95,166500,1267.62,0.001207715
14-01-2016,1270,1277.7,1259.1,1269.05,124000,1254.87,-0.010109145
15-01-2016,1275,1275,1223.25,1229.6,141300,1215.86,-0.031580336
18-01-2016,1232.5,1241,1212.3,1224.25,156600,1210.57,-0.004360322
19-01-2016,1230,1246,1222.5,1235.3,176600,1221.49,0.008980102
20-01-2016,1218.9,1229,1205,1212.25,156300,1198.7,-0.018833789
21-01-2016,1225,1236.95,1211.25,1228.45,209200,1214.72,0.013275961
22-01-2016,1239.95,1256.65,1230.05,1241,123200,1227.13,0.010164512
25-01-2016,1250,1263.5,1241.05,1245,124500,1231.08,0.003213723
27-01-2016,1249,1250,1228,1230.35,112800,1216.6,-0.01183175
28-01-2016,1232.4,1234.9,1208,1214.95,134500,1201.37,-0.012597511
29-01-2016,1220.1,1253.5,1216.05,1240.05,254400,1226.19,0.020449229
01-02-2016,1245,1278.9,1240.3,1271.85,210900,1257.63,0.025317196
02-02-2016,1266.8,1283,1253.05,1261.35,204600,1247.25,-0.00828787
03-02-2016,1244,1279,1241.45,1248.95,191000,1234.99,-0.009878255
04-02-2016,1255.25,1277.4,1253.2,1270.4,205900,1256.2,0.017028418
05-02-2016,1267.05,1286,1259.05,1271.4,231300,1257.19,0.000787781
08-02-2016,1271,1309.75,1270.15,1280.6,218500,1266.29,0.007212294
09-02-2016,1271,1292.85,1270,1279.1,148600,1264.8,-0.001177359
10-02-2016,1270,1278.25,1250.05,1265.85,256800,1251.7,-0.01041138
11-02-2016,1250,1264.7,1225.5,1234,231500,1220.21,-0.025479652
12-02-2016,1234.2,1242.65,1199.1,1221.05,212000,1207.4,-0.010553688
15-02-2016,1230,1268.7,1228.35,1256.55,130800,1242.5,0.028656192
16-02-2016,1265,1273.1,1225,1227.8,144700,1214.08,-0.023138891
17-02-2016,1222.8,1233.5,1204,1226.05,165000,1212.35,-0.001425963
18-02-2016,1235,1265.65,1231.6,1262.35,194700,1248.24,0.029173934
19-02-2016,1259.8,1280.9,1248.4,1278,160500,1263.72,0.012325193
22-02-2016,1274.5,1287.3,1267.65,1281.5,122500,1273.15,0.007434392
23-02-2016,1271.1,1282,1240.65,1243.9,137800,1235.8,-0.029775611
24-02-2016,1239,1245.25,1225.8,1233.15,122500,1225.12,-0.008679735
25-02-2016,1231.4,1234.8,1196,1199.85,208200,1192.03,-0.027381062
26-02-2016,1210.3,1210.35,1182.15,1190.9,224200,1183.14,-0.007485815
29-02-2016,1189,1206.9,1174,1193.9,199000,1186.12,0.002515555
01-03-2016,1199,1243.35,1195,1232.9,150700,1224.87,0.03214724
02-03-2016,1240,1259.8,1233.9,1243.25,140800,1235.15,0.008357704
03-03-2016,1245.7,1259.8,1233,1254.15,226000,1245.98,0.008729949
04-03-2016,1255,1256,1232,1239.35,189300,1231.28,-0.01186809
08-03-2016,1239.1,1254.95,1231.1,1241.15,151700,1233.07,0.001452716
09-03-2016,1237.3,1249.7,1233.25,1243.75,304600,1235.65,0.002090153
10-03-2016,1248,1250,1226.1,1230.35,157700,1222.34,-0.010830093
11-03-2016,1225,1238,1218,1226.75,227400,1218.76,-0.002933106
14-03-2016,1231.3,1239,1230,1235.8,199900,1227.75,0.007349278
15-03-2016,1236,1244.85,1231.3,1240.1,252700,1232.02,0.003471873
16-03-2016,1240.4,1247.5,1228.05,1236.15,133400,1228.1,-0.003186839
17-03-2016,1243.9,1284.3,1243.9,1273.7,661500,1265.4,0.029920018
18-03-2016,1280.1,1340.3,1280,1337.2,937500,1328.49,0.048654681
21-03-2016,1344.35,1378,1338,1374.35,642600,1365.4,0.027404467
22-03-2016,1374,1374,1352,1365.5,274000,1356.61,-0.006458485
23-03-2016,1368,1400,1358.1,1372.65,348700,1363.71,0.005219986
28-03-2016,1372.65,1392,1355.2,1377.55,361200,1368.58,0.003564779
29-03-2016,1367.05,1388,1353.1,1366.05,306600,1357.15,-0.008386793
30-03-2016,1373,1392,1371.1,1385.7,283700,1376.67,0.014280627
31-03-2016,1395,1395,1362.2,1381.9,593800,1372.9,-0.002742249
01-04-2016,1371.25,1417,1371.25,1413.8,353000,1404.59,0.022820154
04-04-2016,1409.95,1424.25,1397,1412.1,304000,1402.9,-0.001203923
05-04-2016,1405,1415,1387,1390.75,245600,1381.69,-0.015234135
06-04-2016,1395,1433.5,1392,1427.7,395500,1418.4,0.026222088
07-04-2016,1425,1434,1411.2,1417.55,188700,1408.32,-0.007131971
08-04-2016,1414,1448.85,1411.9,1441.85,385800,1432.46,0.016995741
11-04-2016,1447.5,1449.95,1425.5,1447.15,182700,1437.72,0.003665279
12-04-2016,1448.9,1452.5,1430.05,1448.7,227400,1439.26,0.001070567
13-04-2016,1451.35,1475,1450.75,1469.95,357900,1460.38,0.014567583
18-04-2016,1465.1,1469,1437.2,1464.15,291000,1454.61,-0.003958852
20-04-2016,1468.1,1481.5,1460.25,1467.65,300300,1458.09,0.002389537
21-04-2016,1482.5,1482.5,1428,1433.3,182400,1423.96,-0.023685637
22-04-2016,1430,1432.5,1410.75,1414.15,277100,1404.94,-0.013447125
25-04-2016,1424,1429.6,1406,1422.9,164600,1413.63,0.006166267
26-04-2016,1430,1434.8,1421.2,1426.9,183700,1417.61,0.002811491
27-04-2016,1428.85,1445.6,1419,1429.55,139800,1420.24,0.001853516
28-04-2016,1422.1,1451,1408,1437.85,805300,1428.48,0.00578507
29-04-2016,1450.8,1459,1428.9,1443.15,283000,1433.75,0.003682448
02-05-2016,1442,1446.45,1416.15,1420.55,205900,1411.3,-0.015782124
03-05-2016,1430,1445,1413.7,1420.15,218000,1410.9,-0.000283467
04-05-2016,1414,1420,1398.2,1403.7,191100,1394.56,-0.011648845
05-05-2016,1395.8,1407.8,1379.3,1394.85,216400,1385.76,-0.006330228
06-05-2016,1389,1445,1388.3,1425.45,294400,1416.17,0.021707319
09-05-2016,1432.5,1451.9,1428.4,1439.75,182800,1430.37,0.009977108
10-05-2016,1438,1465.95,1425.5,1463.35,257500,1453.82,0.016261423
11-05-2016,1457,1472.4,1441.5,1467.25,311700,1457.69,0.002658416
12-05-2016,1460,1475,1456.1,1462.4,127200,1452.87,-0.00331208
13-05-2016,1451.1,1462.95,1441,1457.1,191400,1447.61,-0.00362699
16-05-2016,1452.3,1462,1442.6,1458.2,95200,1448.7,0.000752682
17-05-2016,1468,1468,1440.05,1449.4,136200,1439.96,-0.006051267
18-05-2016,1442.5,1442.5,1428.5,1434.05,142400,1424.71,-0.010647051
19-05-2016,1435,1438,1403,1409.85,123600,1400.67,-0.017017591
20-05-2016,1415,1418.85,1390.15,1393.45,132700,1384.37,-0.011705531
23-05-2016,1393.25,1428,1390,1418,321500,1408.76,0.017464722
24-05-2016,1418.05,1450,1412.6,1446.15,219300,1436.73,0.019659813
25-05-2016,1456,1489.4,1452.75,1475.05,406100,1465.44,0.019785841
26-05-2016,1485,1508,1474.75,1504.05,316300,1494.25,0.01946887
27-05-2016,1509,1533.3,1502,1522.95,433400,1513.03,0.012489854
30-05-2016,1530,1546,1525.05,1537.15,609100,1527.14,0.009282442
31-05-2016,1535.05,1546.5,1521.5,1529.05,447200,1519.09,-0.005285234
01-06-2016,1535,1559.95,1528,1552.4,741800,1542.29,0.015156854
02-06-2016,1552.4,1558,1537.1,1546.3,204800,1536.23,-0.003936962
03-06-2016,1553.5,1564,1533.6,1540,765100,1529.97,-0.004083236
06-06-2016,1542,1544.5,1532,1534.7,406700,1524.7,-0.003450458
07-06-2016,1526.15,1555.9,1526.15,1540.45,350800,1530.42,0.003744538
08-06-2016,1545,1550,1532.15,1546.75,369700,1536.68,0.004082038
09-06-2016,1547.5,1555,1528,1533,425200,1523.02,-0.008929039
10-06-2016,1530,1559.95,1530,1555.65,683500,1545.52,0.014665217
13-06-2016,1548,1551.8,1537,1546.8,385700,1536.73,-0.005703641
14-06-2016,1550,1552.85,1536.2,1539.95,123800,1529.92,-0.004441336
15-06-2016,1542.05,1564.65,1538.05,1560.15,169200,1549.99,0.013033033
16-06-2016,1559.9,1571.4,1535.55,1544.95,246400,1534.89,-0.009789762
17-06-2016,1555,1559.4,1544.6,1555.4,159000,1545.27,0.006739935
20-06-2016,1538.4,1574.05,1538.4,1570.15,189100,1559.92,0.009435886
21-06-2016,1573,1576.85,1553.5,1559,132100,1548.85,-0.007121818
22-06-2016,1565,1575,1558.55,1571.05,262000,1560.82,0.007698604
23-06-2016,1571,1579.7,1566,1571.6,203500,1561.36,0.000345912
24-06-2016,1550,1575.95,1522,1568.1,454000,1557.89,-0.002224895
27-06-2016,1567,1614,1564.85,1601,436900,1590.57,0.020760101
28-06-2016,1608.2,1610.35,1585,1598.4,220500,1587.99,-0.001623377
29-06-2016,1617,1617,1591.65,1598.95,566600,1588.54,0.00034629
30-06-2016,1601.5,1624.95,1595.15,1616.05,434600,1605.52,0.010632336
